city,model_a,model_b,dm_stat,p_value,mean_loss_diff,better,significant_5pct,p_value_fdr,significant_5pct_fdr
accra,seasonal_naive,lgbm_direct,1.1618853045868305,0.24721763782999548,0.16102962416055558,lgbm_direct,False,0.2655300554470322,False
accra,seasonal_naive,chronos,1.3766283103941082,0.17077875738658532,0.20412016974555142,chronos,False,0.19048399862349902,False
accra,seasonal_naive,chronos_cov,-6.977217262006813,1.0345609186872123e-10,-1.3766873109617173,seasonal_naive,True,3.7502833302411447e-10,True
accra,seasonal_naive,chronos_base,1.765792150894205,0.07956484767423729,0.23131838639577249,chronos_base,False,0.10488093557058552,False
accra,seasonal_naive,chronos_base_cov,-7.028036550317713,7.896567256712015e-11,-1.42995032595561,seasonal_naive,True,2.8625056305581056e-10,True
accra,seasonal_naive,timesfm,1.549892813024606,0.12337757880892622,0.20151027838389096,timesfm,False,0.15556303415038525,False
accra,seasonal_naive,timesfm_cov,-7.368247719616248,1.2661442673647084e-11,-1.4138998888760788,seasonal_naive,True,4.589772969197068e-11,True
accra,lgbm_direct,chronos,0.6469296600874095,0.5187145415238527,0.043090545584995844,chronos,False,0.6267800710079886,False
accra,lgbm_direct,chronos_cov,-14.684471384516712,2.404301353809826e-30,-1.5377169351222726,lgbm_direct,True,1.1620789876747492e-29,True
accra,lgbm_direct,chronos_base,0.859175756260177,0.3916815214289494,0.0702887622352169,chronos_base,False,0.5978296906020807,False
accra,lgbm_direct,chronos_base_cov,-14.157820129830421,5.384828519638931e-29,-1.5909799501161654,lgbm_direct,True,1.9520003383691124e-28,True
accra,lgbm_direct,timesfm,0.5845020951191072,0.5598035729900083,0.04048065422333538,timesfm,False,0.755533379682868,False
accra,lgbm_direct,timesfm_cov,-14.68346164680385,2.4186231859829955e-30,-1.5749295130366343,lgbm_direct,True,7.865425887743734e-30,True
accra,chronos,chronos_cov,-12.047397151484496,1.6383798833375678e-23,-1.5808074807072687,chronos,True,5.939127077098683e-23,True
accra,chronos,chronos_base,0.6946767933896423,0.48838501720831695,0.027198216650221055,chronos_base,False,0.7799225723798618,False
accra,chronos,chronos_base_cov,-12.214804396698248,5.982461298658254e-24,-1.6340704957011611,chronos,True,1.5771943423735398e-23,True
accra,chronos,timesfm,-0.08561181956561549,0.9318947515339479,-0.002609891361660467,chronos,False,0.9318947515339479,False
accra,chronos,timesfm_cov,-12.65436058014857,4.258156338259169e-25,-1.61802005862163,chronos,True,1.234865338095159e-24,True
accra,chronos_cov,chronos_base,10.40732571868854,3.1162997737430168e-19,1.6080056973574897,chronos_base,True,9.037269343854748e-19,True
accra,chronos_cov,chronos_base_cov,-3.503485848625838,0.0006133116669684724,-0.05326301499389278,chronos_cov,True,0.0177860383420857,True
accra,chronos_cov,timesfm,11.796533326013058,7.417871602465831e-23,1.578197589345608,timesfm,True,2.3902030719056565e-22,True
accra,chronos_cov,timesfm_cov,-2.114187005666489,0.03623460125955857,-0.0372125779143616,chronos_cov,True,0.11675593739191095,False
accra,chronos_base,chronos_base_cov,-10.562699663046898,1.23060135334699e-19,-1.6612687123513823,chronos_base,True,3.244312658823883e-19,True
accra,chronos_base,timesfm,-1.1870281450610125,0.2371846858626344,-0.02980810801188152,chronos_base,False,0.6392979713903357,False
accra,chronos_base,timesfm_cov,-11.051253855598517,6.570274704892489e-21,-1.6452182752718512,chronos_base,True,1.9053796644188217e-20,True
accra,chronos_base_cov,timesfm,11.988292030936545,2.3384357247209484e-23,1.6314606043395008,timesfm,True,7.534959557434167e-23,True
accra,chronos_base_cov,timesfm_cov,1.0008263749517414,0.31860129098590484,0.01605043707953118,timesfm_cov,False,0.461971871929562,False
accra,timesfm,timesfm_cov,-12.58721630763198,6.37363569573254e-25,-1.6154101672599697,timesfm,True,1.8483543517624364e-24,True
addis_ababa,seasonal_naive,lgbm_direct,9.938147570081874,5.097287419137171e-18,3.397365934374122,lgbm_direct,True,1.4782133515497795e-16,True
addis_ababa,seasonal_naive,chronos,6.046214899655883,1.2280458363251904e-08,2.762765859233008,chronos,True,8.903332313357631e-08,True
addis_ababa,seasonal_naive,chronos_cov,-1.818235874305724,0.07112088022160569,-0.5678478394756932,seasonal_naive,False,0.09375025120120749,False
addis_ababa,seasonal_naive,chronos_base,5.306214182451868,4.172050151833908e-07,2.8488761199845207,chronos_base,True,2.4197890880636667e-06,True
addis_ababa,seasonal_naive,chronos_base_cov,-2.0594272525424047,0.04126719264902632,-0.6907279663897046,seasonal_naive,True,0.05439766303735288,False
addis_ababa,seasonal_naive,timesfm,5.813105089008832,3.83602233289717e-08,2.841168008910285,timesfm,True,2.781116191350448e-07,True
addis_ababa,seasonal_naive,timesfm_cov,-2.1277482020291605,0.03507321548003124,-0.6925369350167727,seasonal_naive,True,0.048434440424805054,True
addis_ababa,lgbm_direct,chronos,-2.2073355860916277,0.02888444802725781,-0.6346000751411133,lgbm_direct,True,0.15345269850705648,False
addis_ababa,lgbm_direct,chronos_cov,-11.260003509346152,1.8733339728223565e-21,-3.965213773849815,lgbm_direct,True,6.036298356872038e-21,True
addis_ababa,lgbm_direct,chronos_base,-1.3712457003414034,0.17244638452045302,-0.548489814389601,lgbm_direct,False,0.33339634340620916,False
addis_ababa,lgbm_direct,chronos_base_cov,-11.629004389423931,2.033709991017285e-22,-4.088093900763827,lgbm_direct,True,5.361599067227388e-22,True
addis_ababa,lgbm_direct,timesfm,-1.4998081210472511,0.13586866959711055,-0.5561979254638367,lgbm_direct,False,0.3940191418316206,False
addis_ababa,lgbm_direct,timesfm_cov,-14.653076554887004,2.8920280814596246e-30,-4.089902869390894,lgbm_direct,True,8.386881436232912e-30,True
addis_ababa,chronos,chronos_cov,-11.419770175265464,7.164815178464452e-22,-3.330613698708701,chronos,True,2.0777964017546908e-21,True
addis_ababa,chronos,chronos_base,0.6927990692556617,0.48955924265578443,0.08611026075151229,chronos_base,False,0.7799225723798618,False
addis_ababa,chronos,chronos_base_cov,-13.621294626683827,1.3055916675496569e-27,-3.4534938256227132,chronos,True,4.732769794867506e-27,True
addis_ababa,chronos,timesfm,0.7372241820081252,0.4621939261071738,0.07840214967727656,timesfm,False,0.7474418219397553,False
addis_ababa,chronos,timesfm_cov,-17.120750415580055,1.918820899815527e-36,-3.455302794249781,chronos,True,9.274301015775045e-36,True
addis_ababa,chronos_cov,chronos_base,10.250167728562955,7.962609770956998e-19,3.416723959460214,chronos_base,True,2.0992334850704813e-18,True
addis_ababa,chronos_cov,chronos_base_cov,-2.274375074993225,0.024431502363324923,-0.12288012691401143,chronos_cov,True,0.17228575584218175,False
addis_ababa,chronos_cov,timesfm,12.143571714815426,9.184020958017781e-24,3.4090158483859785,timesfm,True,3.3292075972814456e-23,True
addis_ababa,chronos_cov,timesfm_cov,-1.3564307649243774,0.17709984778568869,-0.1246890955410796,chronos_cov,False,0.3423930390523315,False
addis_ababa,chronos_base,chronos_base_cov,-12.443367980041346,1.5130429909597443e-24,-3.5396040863742257,chronos_base,True,4.875360748648065e-24,True
addis_ababa,chronos_base,timesfm,-0.11224538593053714,0.9107862521229236,-0.007708111074235734,chronos_base,False,0.9433143325558851,False
addis_ababa,chronos_base,timesfm_cov,-13.473490245141827,3.152587136349895e-27,-3.5414130550012937,chronos_base,True,1.015833632823855e-26,True
addis_ababa,chronos_base_cov,timesfm,15.223807017493751,1.0205962874908427e-31,3.5318959752999897,timesfm,True,4.22818461960492e-31,True
addis_ababa,chronos_base_cov,timesfm_cov,-0.02281740994383335,0.9818277287892343,-0.0018089686270681663,chronos_base_cov,False,0.9818277287892343,False
addis_ababa,timesfm,timesfm_cov,-16.859836784958375,8.374700393305068e-36,-3.5337049439270576,timesfm,True,4.0477718567641166e-35,True
amsterdam,seasonal_naive,lgbm_direct,1.6567545435544804,0.09976161966218924,0.6447275100742607,lgbm_direct,False,0.12054529042514533,False
amsterdam,seasonal_naive,chronos,1.923482342886594,0.05640658154355194,1.2345142457220288,chronos,False,0.07789480308395268,False
amsterdam,seasonal_naive,chronos_cov,-3.2194208021392394,0.0015897767511914023,-1.5047240492932106,seasonal_naive,True,0.0028814703615344167,True
amsterdam,seasonal_naive,chronos_base,1.7215215954513614,0.0873187048115369,0.9367500676049124,chronos_base,False,0.11009749737106826,False
amsterdam,seasonal_naive,chronos_base_cov,-3.0694190346105166,0.0025668878955828183,-1.589846378418777,seasonal_naive,True,0.004652484310743858,True
amsterdam,seasonal_naive,timesfm,1.761387049934445,0.08031013414274854,1.1087234814961748,timesfm,False,0.1109044709590337,False
amsterdam,seasonal_naive,timesfm_cov,-2.575544581055807,0.011022865795751905,-1.5150849273429192,seasonal_naive,True,0.015983155403840262,True
amsterdam,lgbm_direct,chronos,1.9925416899971067,0.04821516947243279,0.5897867356477682,chronos,True,0.17477998933756886,False
amsterdam,lgbm_direct,chronos_cov,-7.1292748365152505,4.59825384614741e-11,-2.1494515593674715,lgbm_direct,True,9.524954395591064e-11,True
amsterdam,lgbm_direct,chronos_base,1.523160125835185,0.129927036412244,0.2920225575306518,chronos_base,False,0.33339634340620916,False
amsterdam,lgbm_direct,chronos_base_cov,-5.477934372809806,1.8858032497794578e-07,-2.2345738884930375,lgbm_direct,True,2.60420448779068e-07,True
amsterdam,lgbm_direct,timesfm,1.7646919130630618,0.07975045937654424,0.4639959714219144,timesfm,False,0.28909541523997284,False
amsterdam,lgbm_direct,timesfm_cov,-4.556028934763779,1.1080099548715604e-05,-2.15981243741718,lgbm_direct,True,1.3970560300554458e-05,True
amsterdam,chronos,chronos_cov,-5.31215454857767,4.060048420237755e-07,-2.739238295015239,chronos,True,6.541189121494161e-07,True
amsterdam,chronos,chronos_base,-1.1736112852425016,0.24250175339985428,-0.29776417811711636,chronos,False,0.7799225723798618,False
amsterdam,chronos,chronos_base_cov,-4.530491782413919,1.231734198474097e-05,-2.8243606241408057,chronos,True,1.700966274083277e-05,True
amsterdam,chronos,timesfm,-0.5975779548775462,0.5510666989676268,-0.1257907642258538,chronos,False,0.7474418219397553,False
amsterdam,chronos,timesfm_cov,-4.183201194426725,4.991202990014469e-05,-2.7495991730649485,chronos,True,6.892613652877124e-05,True
amsterdam,chronos_cov,chronos_base,8.984890830744723,1.384176571053033e-15,2.4414741168981227,chronos_base,True,3.34509338004483e-15,True
amsterdam,chronos_cov,chronos_base_cov,-0.7157156398852422,0.4753339940379845,-0.08512232912556644,chronos_cov,False,0.6663485801495858,False
amsterdam,chronos_cov,timesfm,7.1217186025642,4.788205209137769e-11,2.6134475307893856,timesfm,True,8.678621941562206e-11,True
amsterdam,chronos_cov,timesfm_cov,-0.05160385814432007,0.9589163594494707,-0.010360878049708817,chronos_cov,False,0.9589163594494707,False
amsterdam,chronos_base,chronos_base_cov,-6.671058406772959,5.165466193774983e-10,-2.5265964460236896,chronos_base,True,9.986567974631634e-10,True
amsterdam,chronos_base,timesfm,1.5402810420779256,0.1257017958188248,0.17197341389126258,timesfm,False,0.4963613617524047,False
amsterdam,chronos_base,timesfm_cov,-5.757073884836704,5.02513664169768e-08,-2.4518349949478324,chronos_base,True,8.096053478290706e-08,True
amsterdam,chronos_base_cov,timesfm,5.7923704438537404,4.2398605934394415e-08,2.698569859914952,timesfm,True,6.14779786048719e-08,True
amsterdam,chronos_base_cov,timesfm_cov,0.49041610602285013,0.624591129013204,0.0747614510758576,timesfm_cov,False,0.7315817806785019,False
amsterdam,timesfm,timesfm_cov,-5.260978259925098,5.129562545676869e-07,-2.6238084088390945,timesfm,True,7.083681610696628e-07,True
bangkok,seasonal_naive,lgbm_direct,2.609627077453186,0.01002847128853579,1.7013998470479075,lgbm_direct,True,0.020723495390419257,True
bangkok,seasonal_naive,chronos,2.4773302522148186,0.014401725096661783,1.8367081933551366,chronos,True,0.029832144843085124,True
bangkok,seasonal_naive,chronos_cov,0.6021837949999986,0.5480054415299711,0.411561573522893,chronos_cov,False,0.6112368386295832,False
bangkok,seasonal_naive,chronos_base,2.4570433168997634,0.01520518009053405,1.8238483508427938,chronos_base,True,0.031496444473249105,True
bangkok,seasonal_naive,chronos_base_cov,0.5590958188249076,0.5769708713689535,0.3785031871763705,chronos_base_cov,False,0.5975769739178448,False
bangkok,seasonal_naive,timesfm,2.1486383285824373,0.03334703647118561,1.5396838585535688,timesfm,True,0.060441503604023915,False
bangkok,seasonal_naive,timesfm_cov,0.6377028878599732,0.5246868830082659,0.4299414704275522,timesfm_cov,False,0.5434257002585612,False
bangkok,lgbm_direct,chronos,0.9067590288646356,0.3660596458106026,0.13530834630722924,chronos,False,0.5684312817324618,False
bangkok,lgbm_direct,chronos_cov,-9.313734108337528,2.0302618762027113e-16,-1.2898382735250145,lgbm_direct,True,4.906466200823219e-16,True
bangkok,lgbm_direct,chronos_base,0.77580414307186,0.43914579770803375,0.12244850379488656,chronos_base,False,0.6064394349301419,False
bangkok,lgbm_direct,chronos_base_cov,-9.563851836272793,4.666649438098787e-17,-1.3228966598715368,lgbm_direct,True,1.0410217977297294e-16,True
bangkok,lgbm_direct,timesfm,-1.5094494474443856,0.13339034399982733,-0.16171598849433866,lgbm_direct,False,0.3940191418316206,False
bangkok,lgbm_direct,timesfm_cov,-8.810697035715604,3.799413232731785e-15,-1.2714583766203553,lgbm_direct,True,8.475614134555522e-15,True
bangkok,chronos,chronos_cov,-11.321253968300386,1.2960381248859445e-21,-1.4251466198322436,chronos,True,3.416827783790218e-21,True
bangkok,chronos,chronos_base,-0.3762919352037633,0.7072575802927095,-0.012859842512342685,chronos,False,0.8546029095203572,False
bangkok,chronos,chronos_base_cov,-11.433804951152322,6.584570060058129e-22,-1.4582050061787661,chronos,True,1.5912710978473812e-21,True
bangkok,chronos,timesfm,-2.736085414644352,0.007005995484481969,-0.2970243348015679,chronos,True,0.10158693452498856,False
bangkok,chronos,timesfm_cov,-10.34596663390778,4.495730506929598e-19,-1.4067667229275844,chronos,True,1.185238042735985e-18,True
bangkok,chronos_cov,chronos_base,10.872503328374458,1.921877304195891e-20,1.412286777319901,chronos_base,True,6.966805227710105e-20,True
bangkok,chronos_cov,chronos_base_cov,-2.195985673859479,0.02970444066244513,-0.033058386346522486,chronos_cov,True,0.17228575584218175,False
bangkok,chronos_cov,timesfm,9.571573734932363,4.4589821863390256e-17,1.1281222850306756,timesfm,True,1.1755498491257431e-16,True
bangkok,chronos_cov,timesfm_cov,0.7874238342632885,0.4323369810794845,0.018379896904659132,timesfm_cov,False,0.5698987477865932,False
bangkok,chronos_base,chronos_base_cov,-10.876737065671419,1.873662981134682e-20,-1.4453451636664234,chronos_base,True,5.433622645290577e-20,True
bangkok,chronos_base,timesfm,-2.6304203255338527,0.009462200475955812,-0.28416449228922525,chronos_base,True,0.13720190690135928,False
bangkok,chronos_base,timesfm_cov,-9.924096693587492,5.540596112214019e-18,-1.3939068804152417,chronos_base,True,1.3389773937850547e-17,True
bangkok,chronos_base_cov,timesfm,9.120855417160039,6.27170577628563e-16,1.1611806713771982,timesfm,True,1.3990728270175636e-15,True
bangkok,chronos_base_cov,timesfm_cov,3.166675305818686,0.0018850670909337651,0.05143828325118162,timesfm_cov,True,0.027333472818539595,True
bangkok,timesfm,timesfm_cov,-8.125809721371645,1.9022882912440171e-13,-1.1097423881260167,timesfm,True,4.243566188159731e-13,True
berlin,seasonal_naive,lgbm_direct,1.5524637721177623,0.12276167892243477,2.0486282256480397,lgbm_direct,False,0.14240354755002432,False
berlin,seasonal_naive,chronos,1.2423853658212392,0.21612793435080055,2.1841860824161103,chronos,False,0.23213741096937837,False
berlin,seasonal_naive,chronos_cov,-1.1723706025704275,0.24299767820559978,-1.6301507021944321,seasonal_naive,False,0.28187730671849576,False
berlin,seasonal_naive,chronos_base,1.1527795667607161,0.25092422924606855,1.9960196945402358,chronos_base,False,0.2695112091902218,False
berlin,seasonal_naive,chronos_base_cov,-1.153386640266429,0.250675900340182,-1.6331404242449932,seasonal_naive,False,0.27960004268712607,False
berlin,seasonal_naive,timesfm,1.14335311597316,0.254802480353239,1.7624411821365353,timesfm,False,0.2842027665478435,False
berlin,seasonal_naive,timesfm_cov,-1.1572490034719425,0.24910002595853745,-1.5323415792412873,seasonal_naive,False,0.3009958646998994,False
berlin,lgbm_direct,chronos,0.23300998066998357,0.8160868456398667,0.1355578567680712,chronos,False,0.845232804412719,False
berlin,lgbm_direct,chronos_cov,-2.693434302763495,0.00791781715981086,-3.6787789278424716,lgbm_direct,True,0.009184667905380597,True
berlin,lgbm_direct,chronos_base,-0.09275248746377987,0.926230016182873,-0.052608531107803676,lgbm_direct,False,0.926230016182873,False
berlin,lgbm_direct,chronos_base_cov,-2.584231999025142,0.010761329052852276,-3.681768649893033,lgbm_direct,True,0.01248314170130864,True
berlin,lgbm_direct,timesfm,-0.5646990156472934,0.5731632535525206,-0.2861870435115038,lgbm_direct,False,0.755533379682868,False
berlin,lgbm_direct,timesfm_cov,-2.5138238513670847,0.013051184484534203,-3.5809698048893264,lgbm_direct,True,0.014557090386595842,True
berlin,chronos,chronos_cov,-2.879043834842156,0.0046019779647096274,-3.8143367846105423,chronos,True,0.0049428652213547855,True
berlin,chronos,chronos_base,-0.8947339842244453,0.3724328119999205,-0.18816638787587486,chronos,False,0.7799225723798618,False
berlin,chronos,chronos_base_cov,-2.759756261005133,0.006542106686400962,-3.8173265066611037,chronos,True,0.007026707181689922,True
berlin,chronos,timesfm,-1.1212451954164417,0.26406286416244906,-0.421744900279575,chronos,False,0.6381519217259185,False
berlin,chronos,timesfm_cov,-2.597784030126596,0.010364461740761388,-3.716527661657398,chronos,True,0.011132199647484454,True
berlin,chronos_cov,chronos_base,2.727535057241737,0.007180767665778584,3.626170396734668,chronos_base,True,0.008009317781060728,True
berlin,chronos_cov,chronos_base_cov,-0.035193450751328306,0.9719745630190691,-0.0029897220505610772,chronos_cov,False,0.9719745630190691,False
berlin,chronos_cov,timesfm,3.0453409148414465,0.00276775936182292,3.3925918843309675,timesfm,True,0.0030871162112640262,True
berlin,chronos_cov,timesfm_cov,0.635405295902041,0.5261795926814832,0.09780912295314496,timesfm_cov,False,0.6634438342505657,False
berlin,chronos_base,chronos_base_cov,-2.621760189197659,0.009694448228072349,-3.6291601187852294,chronos_base,True,0.010813038408234544,True
berlin,chronos_base,timesfm,-0.8217146453794932,0.41260723815914746,-0.23357851240370017,chronos_base,False,0.6920095394566013,False
berlin,chronos_base,timesfm_cov,-2.4762635976206693,0.014443007956264459,-3.5283612737815226,chronos_base,True,0.015512860397469233,True
berlin,chronos_base_cov,timesfm,2.9002415042858254,0.004318201484266112,3.3955816063815285,timesfm,True,0.004638068260878417,True
berlin,chronos_base_cov,timesfm_cov,0.6821613219833845,0.4962404053048658,0.10079884500370603,timesfm_cov,False,0.6256944240800482,False
berlin,timesfm,timesfm_cov,-2.7526514156983724,0.006678323682395393,-3.2947827613778227,timesfm,True,0.007173014325535792,True
bogota,seasonal_naive,lgbm_direct,2.8064225146990025,0.00570840338852544,0.32169182320971695,lgbm_direct,True,0.012734130635941365,True
bogota,seasonal_naive,chronos,0.4568746740681508,0.6484543793813489,0.06786158349778912,chronos,False,0.6484543793813489,False
bogota,seasonal_naive,chronos_cov,-18.430430144382083,1.3285966061963875e-39,-4.217187623298511,seasonal_naive,True,3.852930157969524e-38,True
bogota,seasonal_naive,chronos_base,0.32602029553445233,0.7448856074899326,0.05070311162206859,chronos_base,False,0.7448856074899326,False
bogota,seasonal_naive,chronos_base_cov,-18.376773001032923,1.7826952843274585e-39,-4.15630043638096,seasonal_naive,True,5.169816324549629e-38,True
bogota,seasonal_naive,timesfm,0.8658777941839474,0.3880075796313268,0.12094678481419883,timesfm,False,0.3880075796313268,False
bogota,seasonal_naive,timesfm_cov,-16.071147287649737,7.541185877551887e-34,-4.262573206765189,seasonal_naive,True,2.1869439044900474e-32,True
bogota,lgbm_direct,chronos,-2.856163767404625,0.0049273490087104336,-0.2538302397119278,lgbm_direct,True,0.07144656062630128,False
bogota,lgbm_direct,chronos_cov,-28.263342720823967,2.1216468614025263e-60,-4.538879446508228,lgbm_direct,True,6.152775898067327e-59,True
bogota,lgbm_direct,chronos_base,-3.3846249264479167,0.0009201420463979627,-0.27098871158764837,lgbm_direct,True,0.013342059672770459,True
bogota,lgbm_direct,chronos_base_cov,-27.887767081370196,1.0734104303791388e-59,-4.477992259590677,lgbm_direct,True,3.1128902480995025e-58,True
bogota,lgbm_direct,timesfm,-2.3977802913522748,0.017785335288078845,-0.20074503839551808,lgbm_direct,True,0.16431682260801256,False
bogota,lgbm_direct,timesfm_cov,-22.51184147150042,7.417106603332871e-49,-4.584265029974906,lgbm_direct,True,5.377402287416331e-48,True
bogota,chronos,chronos_cov,-22.814103955167234,1.663739825388217e-49,-4.2850492067963,chronos,True,2.4124227468129146e-48,True
bogota,chronos,chronos_base,-0.5140094475054691,0.6080387678083244,-0.01715847187572053,chronos,False,0.8139565550631522,False
bogota,chronos,chronos_base_cov,-22.809401226516442,1.7027367408720573e-49,-4.224162019878749,chronos,True,1.6459788495096554e-48,True
bogota,chronos,timesfm,0.6901498424706606,0.4912185319668425,0.053085201316409716,timesfm,False,0.7474418219397553,False
bogota,chronos,timesfm_cov,-18.959140056935162,7.473201698341348e-41,-4.330434790262978,chronos,True,7.224094975063303e-40,True
bogota,chronos_cov,chronos_base,24.84147941751212,9.826190425627593e-54,4.26789073492058,chronos_base,True,2.849595223432002e-52,True
bogota,chronos_cov,chronos_base_cov,1.743106003342184,0.08346452886383517,0.06088718691755076,chronos_base_cov,False,0.3025589171314025,False
bogota,chronos_cov,timesfm,19.904900159512287,4.7366844106822335e-43,4.33813440811271,timesfm,True,3.4340961977446193e-42,True
bogota,chronos_cov,timesfm_cov,-0.8606294948714984,0.3908828003312911,-0.04538558346667849,chronos_cov,False,0.5656792905770077,False
bogota,chronos_base,chronos_base_cov,-24.48806595685351,5.1767609875639215e-53,-4.207003548003029,chronos_base,True,7.506303431967687e-52,True
bogota,chronos_base,timesfm,0.7922570137397802,0.4295231624213387,0.07024367319213025,timesfm,False,0.6920095394566013,False
bogota,chronos_base,timesfm_cov,-20.39718884568532,3.553921842279579e-44,-4.313276318387258,chronos_base,True,3.4354577808702597e-43,True
bogota,chronos_base_cov,timesfm,20.326527353784403,5.144411355576096e-44,4.277247221195158,timesfm,True,3.729698232792669e-43,True
bogota,chronos_base_cov,timesfm_cov,-1.3944121983339157,0.16535575128501948,-0.10627277038422925,chronos_base_cov,False,0.2997072992040978,False
bogota,timesfm,timesfm_cov,-16.55012839062024,4.863223774975433e-35,-4.383519991579387,timesfm,True,2.0147641353469653e-34,True
delhi,seasonal_naive,lgbm_direct,7.197766169733617,3.1832739272940256e-11,6.436130879556314,lgbm_direct,True,3.077164796384225e-10,True
delhi,seasonal_naive,chronos,4.930113863265044,2.2476420586059506e-06,5.981964062319862,chronos,True,1.0863603283262094e-05,True
delhi,seasonal_naive,chronos_cov,5.846333824021895,3.266130457485124e-08,3.663968100884901,chronos_cov,True,1.05241981407854e-07,True
delhi,seasonal_naive,chronos_base,4.859589891178268,3.0553305223751528e-06,5.870965593390995,chronos_base,True,1.2657797878411347e-05,True
delhi,seasonal_naive,chronos_base_cov,5.920286408621342,2.2791978321114087e-08,4.146824490261931,chronos_base_cov,True,6.609673713123085e-08,True
delhi,seasonal_naive,timesfm,5.156955214165425,8.21525782185886e-07,6.144790387153625,timesfm,True,3.4034639547700986e-06,True
delhi,seasonal_naive,timesfm_cov,5.946259364017664,2.007451873030008e-08,3.7801116215308763,timesfm_cov,True,6.468456035318915e-08,True
delhi,lgbm_direct,chronos,-1.2404692552997827,0.21683329214496297,-0.45416681723645247,lgbm_direct,False,0.4837050363233789,False
delhi,lgbm_direct,chronos_cov,-5.73748582842099,5.5206523466746305e-08,-2.7721627786714125,lgbm_direct,True,8.004945902678214e-08,True
delhi,lgbm_direct,chronos_base,-1.5456031591133597,0.12441063418449895,-0.5651652861653195,lgbm_direct,False,0.33339634340620916,False
delhi,lgbm_direct,chronos_base_cov,-8.363249883045365,4.9534021834693446e-14,-2.2893063892943823,lgbm_direct,True,1.0260618808615071e-13,True
delhi,lgbm_direct,timesfm,-0.8992105654204317,0.37005218847484334,-0.29134049240268856,lgbm_direct,False,0.6632390612693055,False
delhi,lgbm_direct,timesfm_cov,-7.20088149170352,3.1303537547898554e-11,-2.656019258025437,lgbm_direct,True,5.673766180556613e-11,True
delhi,chronos,chronos_cov,-3.040465570578568,0.002810158449463364,-2.31799596143496,chronos,True,0.003134407501324522,True
delhi,chronos,chronos_base,-2.1951300153162774,0.029767071104381638,-0.11099846892886693,chronos,True,0.5118879712081613,False
delhi,chronos,chronos_base_cov,-3.146082511581673,0.0020135920952730492,-1.8351395720579302,chronos,True,0.0022459296447276318,True
delhi,chronos,timesfm,1.3660640049929755,0.17406336403522257,0.16282632483376389,timesfm,False,0.5608708396690505,False
delhi,chronos,timesfm_cov,-3.282756804508797,0.0012921527489362808,-2.2018524407889846,chronos,True,0.0014988971887660858,True
delhi,chronos_cov,chronos_base,2.8800000880814296,0.004588817472227451,2.2069974925060927,chronos_base,True,0.005544821112274837,True
delhi,chronos_cov,chronos_base_cov,1.9021421100552445,0.059163348759498816,0.4828563893770299,chronos_base_cov,False,0.28237939478883817,False
delhi,chronos_cov,timesfm,3.2922309713666973,0.0012523854517358613,2.480822286268724,timesfm,True,0.0014527671240135993,True
delhi,chronos_cov,timesfm_cov,0.8269735881059582,0.4096298311074884,0.11614352064597494,timesfm_cov,False,0.5656792905770077,False
delhi,chronos_base,chronos_base_cov,-2.9498477497322466,0.0037156751593218932,-1.724141103129063,chronos_base,True,0.004310183184813396,True
delhi,chronos_base,timesfm,1.9814064899046198,0.04946336027604169,0.2738247937626308,timesfm,True,0.3586093620013022,False
delhi,chronos_base,timesfm_cov,-3.1149048276956024,0.0022237174233686275,-2.0908539718601182,chronos_base,True,0.002579512211107608,True
delhi,chronos_base_cov,timesfm,3.584252436615675,0.00046288215886186,1.9979658968916938,timesfm,True,0.0005162916387305361,True
delhi,chronos_base_cov,timesfm_cov,-2.7777743603562586,0.006207904534151865,-0.366712868731055,chronos_base_cov,True,0.03640786498931844,True
delhi,timesfm,timesfm_cov,-3.6153635197073823,0.0004148208594797315,-2.364678765622749,timesfm,True,0.0004811921969964886,True
dhaka,seasonal_naive,lgbm_direct,3.2017457259045394,0.001683564984668345,0.7058134799966148,lgbm_direct,True,0.004438489505034727,True
dhaka,seasonal_naive,chronos,2.964293201021851,0.0035553327511229174,0.6378633684582179,chronos,True,0.011456072198062734,True
dhaka,seasonal_naive,chronos_cov,-3.4097138542635546,0.0008453485924693484,-1.686943150179073,seasonal_naive,True,0.001751079227257936,True
dhaka,seasonal_naive,chronos_base,3.0855558726937318,0.0024398999466689105,0.6227478557162814,chronos_base,True,0.007861899828155378,True
dhaka,seasonal_naive,chronos_base_cov,-3.505855440306353,0.0006083091863121366,-1.7084760305283646,seasonal_naive,True,0.0012600690287894259,True
dhaka,seasonal_naive,timesfm,1.6287853646485746,0.10555953428854009,0.4507606188456216,timesfm,False,0.13914665883489377,False
dhaka,seasonal_naive,timesfm_cov,-3.684193391291801,0.000324698710090339,-1.674038082892505,seasonal_naive,True,0.0007846885493849859,True
dhaka,lgbm_direct,chronos,-0.6561929524055103,0.5127544602784913,-0.06795011153839695,lgbm_direct,False,0.6267800710079886,False
dhaka,lgbm_direct,chronos_cov,-6.473723891819452,1.4294232012627162e-09,-2.3927566301756875,lgbm_direct,True,2.590829552288673e-09,True
dhaka,lgbm_direct,chronos_base,-0.6163851334183971,0.5386203559396563,-0.08306562428033347,lgbm_direct,False,0.6887447437823693,False
dhaka,lgbm_direct,chronos_base_cov,-6.608859967725321,7.130949647911975e-10,-2.414289510524979,lgbm_direct,True,1.3786502652629818e-09,True
dhaka,lgbm_direct,timesfm,-1.9894406198570926,0.048560065711692676,-0.2550528611509932,lgbm_direct,True,0.23470698427318126,False
dhaka,lgbm_direct,timesfm_cov,-7.30177117319943,1.8158572510096523e-11,-2.3798515628891197,lgbm_direct,True,3.510657351951994e-11,True
dhaka,chronos,chronos_cov,-5.2975605352425035,4.3406165415923084e-07,-2.3248065186372906,chronos,True,6.625151563482998e-07,True
dhaka,chronos,chronos_base,-0.11149910118732843,0.9113769274022456,-0.015115512741936529,chronos,False,0.9676916715981103,False
dhaka,chronos,chronos_base_cov,-5.387475374824565,2.8706807265097736e-07,-2.3463393989865824,chronos,True,4.381565319409655e-07,True
dhaka,chronos,timesfm,-1.1311174281814746,0.25989907280134955,-0.18710274961259626,chronos,False,0.6381519217259185,False
dhaka,chronos,timesfm_cov,-5.92334686300425,2.245391565962175e-08,-2.311901451350723,chronos,True,3.617575300716837e-08,True
dhaka,chronos_cov,chronos_base,5.780259427826077,4.494709645902432e-08,2.3096910058953544,chronos_base,True,7.241476651731697e-08,True
dhaka,chronos_cov,chronos_base_cov,-1.4516768584107063,0.14878186234757665,-0.021532880349291697,chronos_cov,False,0.3595561673399769,False
dhaka,chronos_cov,timesfm,6.853891346298151,1.985324775181634e-10,2.1377037690246947,timesfm,True,3.198578804459299e-10,True
dhaka,chronos_cov,timesfm_cov,0.16224531017871055,0.8713417110831814,0.012905067286568015,timesfm_cov,False,0.9358855415337873,False
dhaka,chronos_base,chronos_base_cov,-5.931737637142448,2.155208150226986e-08,-2.3312238862446457,chronos_base,True,3.676531550387212e-08,True
dhaka,chronos_base,timesfm,-0.881857193571208,0.3793339350003805,-0.17198723687065975,chronos_base,False,0.6875427571881896,False
dhaka,chronos_base,timesfm_cov,-6.293486321489833,3.57296029837132e-09,-2.296785938608786,chronos_base,True,6.095049920751075e-09,True
dhaka,chronos_base_cov,timesfm,6.9825007941122985,1.0059511053164605e-10,2.159236649373986,timesfm,True,1.8232863783860846e-10,True
dhaka,chronos_base_cov,timesfm_cov,0.41176547063825003,0.6811278647696397,0.03443794763585971,timesfm_cov,False,0.7315817806785019,False
dhaka,timesfm,timesfm_cov,-8.279007808989107,7.99585491898159e-14,-2.1247987017381265,timesfm,True,1.932331605420551e-13,True
hanoi,seasonal_naive,lgbm_direct,0.7732160897598924,0.4406707568321415,0.1669562068559707,lgbm_direct,False,0.45640899814757513,False
hanoi,seasonal_naive,chronos,1.6354154362822921,0.10416127517676317,0.2874409198760986,chronos,False,0.13133378174461444,False
hanoi,seasonal_naive,chronos_cov,-5.400060070461447,2.7083602777770526e-07,-1.1610828906102104,seasonal_naive,True,7.140222550503139e-07,True
hanoi,seasonal_naive,chronos_base,1.4930450858312967,0.13762846099494905,0.2670097986857097,chronos_base,False,0.15350866803282778,False
hanoi,seasonal_naive,chronos_base_cov,-5.406003326412247,2.6348509759265327e-07,-1.127756780325021,seasonal_naive,True,6.94642530016995e-07,True
hanoi,seasonal_naive,timesfm,2.2681923115456644,0.024815385654072975,0.3517955515119764,timesfm,True,0.05140329885486545,False
hanoi,seasonal_naive,timesfm_cov,-5.720667947975976,5.984022451017897e-08,-1.2850606436335168,seasonal_naive,True,1.7353665107951903e-07,True
hanoi,lgbm_direct,chronos,2.1131527436526074,0.036324519954067803,0.12048471302012792,chronos,True,0.15345269850705648,False
hanoi,lgbm_direct,chronos_cov,-5.083897147096896,1.1395979141122883e-06,-1.328039097466181,lgbm_direct,True,1.5021972504207437e-06,True
hanoi,lgbm_direct,chronos_base,1.4296865498573403,0.1549881095401029,0.10005359182973897,chronos_base,False,0.33339634340620916,False
hanoi,lgbm_direct,chronos_base_cov,-4.903231700738834,2.527526571368304e-06,-1.2947129871809915,lgbm_direct,True,3.3317395713491282e-06,True
hanoi,lgbm_direct,timesfm,2.4881419385824017,0.013989177348278701,0.18483934465600574,timesfm,True,0.16431682260801256,False
hanoi,lgbm_direct,timesfm_cov,-6.211572079568507,5.394076356567268e-09,-1.4520168504894877,lgbm_direct,True,8.690456352247266e-09,True
hanoi,chronos,chronos_cov,-6.0959545246331395,9.600307543749785e-09,-1.4485238104863092,chronos,True,1.637699522169081e-08,True
hanoi,chronos,chronos_base,-0.5726316857684794,0.5677933426465465,-0.020431121190388948,chronos,False,0.8139565550631522,False
hanoi,chronos,chronos_base_cov,-5.922239177988637,2.2575700578247675e-08,-1.4151977002011198,chronos,True,3.8511489221716625e-08,True
hanoi,chronos,timesfm,1.5889585888203286,0.11427826888233378,0.06435463163587782,timesfm,False,0.5143419923948275,False
hanoi,chronos,timesfm_cov,-7.268634931934347,2.1722844122614123e-11,-1.5725015635096158,chronos,True,4.199749863705397e-11,True
hanoi,chronos_cov,chronos_base,6.166738335777435,6.749975438272193e-09,1.4280926892959203,chronos_base,True,1.223433048186835e-08,True
hanoi,chronos_cov,chronos_base_cov,2.4075849601939208,0.0173333710922061,0.03332611028518942,chronos_base_cov,True,0.17228575584218175,False
hanoi,chronos_cov,timesfm,6.882861615481348,1.7042946627064542e-10,1.5128784421221866,timesfm,True,2.907326189322775e-10,True
hanoi,chronos_cov,timesfm_cov,-1.88967179592414,0.06082597709380992,-0.1239777530233065,chronos_cov,False,0.16035939415640799,False
hanoi,chronos_base,chronos_base_cov,-6.004907148965921,1.5054073664034778e-08,-1.3947665790107306,chronos_base,True,2.7285508516063034e-08,True
hanoi,chronos_base,timesfm,1.4329904439900556,0.1540431812335049,0.08478575282626677,timesfm,False,0.4963613617524047,False
hanoi,chronos_base,timesfm_cov,-7.534976956391469,5.0951342216022316e-12,-1.5520704423192266,chronos_base,True,1.0554206601890337e-11,True
hanoi,chronos_base_cov,timesfm,6.7187930422601125,4.029074355453566e-10,1.4795523318369974,timesfm,True,6.491286461564079e-10,True
hanoi,chronos_base_cov,timesfm_cov,-2.2257421007624547,0.027596483900431266,-0.1573038633084959,chronos_base_cov,True,0.10003725413906334,False
hanoi,timesfm,timesfm_cov,-8.0347513574428,3.175973312486127e-13,-1.6368561951454932,timesfm,True,6.578801861578407e-13,True
jakarta,seasonal_naive,lgbm_direct,1.3239092268847141,0.18764559501022135,0.14702867742962175,lgbm_direct,False,0.20929700981909305,False
jakarta,seasonal_naive,chronos,1.8080934257026353,0.0726933731017356,0.1933229976230195,chronos,False,0.09582308272501511,False
jakarta,seasonal_naive,chronos_cov,-12.058756994586359,1.530099678920268e-23,-1.594876674892936,seasonal_naive,True,1.4790963562895923e-22,True
jakarta,seasonal_naive,chronos_base,1.9520306484199954,0.052888325842140094,0.2243897596995034,chronos_base,False,0.08072428681168752,False
jakarta,seasonal_naive,chronos_base_cov,-12.883465510662608,1.076562519309986e-25,-1.6172460509781503,seasonal_naive,True,1.0406771019996531e-24,True
jakarta,seasonal_naive,timesfm,1.4648832719951133,0.1451478816115268,0.1788385364744397,timesfm,False,0.17538702361392822,False
jakarta,seasonal_naive,timesfm_cov,-13.112989034582753,2.7206926636222736e-26,-1.6265308881579814,seasonal_naive,True,3.945004362252297e-25,True
jakarta,lgbm_direct,chronos,0.6876097338296384,0.49281233936882385,0.046294320193397756,chronos,False,0.6267800710079886,False
jakarta,lgbm_direct,chronos_cov,-20.464035680165775,2.5061317327649913e-44,-1.7419053523225576,lgbm_direct,True,3.633891012509237e-43,True
jakarta,lgbm_direct,chronos_base,1.4866553600652985,0.13930738123917463,0.07736108226988164,chronos_base,False,0.33339634340620916,False
jakarta,lgbm_direct,chronos_base_cov,-22.778312339430506,1.984705527316843e-49,-1.764274728407772,lgbm_direct,True,2.877823014609422e-48,True
jakarta,lgbm_direct,timesfm,0.47017914341993783,0.6389433132099052,0.03180985904481795,timesfm,False,0.8056241775255326,False
jakarta,lgbm_direct,timesfm_cov,-27.86307393994024,1.1947805100221009e-59,-1.773559565587603,lgbm_direct,True,1.7324317395320462e-58,True
jakarta,chronos,chronos_cov,-11.899436397751824,3.9923687585661334e-23,-1.7881996725159555,chronos,True,1.286429933315754e-22,True
jakarta,chronos,chronos_base,0.8536310741952423,0.3947370887921532,0.031066762076483883,chronos_base,False,0.7799225723798618,False
jakarta,chronos,chronos_base_cov,-12.66819947435618,3.918560253040732e-25,-1.8105690486011699,chronos,True,1.2626471926464581e-24,True
jakarta,chronos,timesfm,-0.5592324072866804,0.5768779104431101,-0.014484461148579807,chronos,False,0.7474418219397553,False
jakarta,chronos,timesfm_cov,-13.675683230592199,9.44208683753544e-28,-1.8198538857810007,chronos,True,3.042450203205864e-27,True
jakarta,chronos_cov,chronos_base,13.05061147189517,3.952973908653289e-26,1.8192664345924396,chronos_base,True,1.6376606192992196e-25,True
jakarta,chronos_cov,chronos_base_cov,-1.5141211032176471,0.13220226757445075,-0.02236937608521429,chronos_cov,False,0.34853325087809744,False
jakarta,chronos_cov,timesfm,11.214651625177183,2.460694072492106e-21,1.7737152113673755,timesfm,True,7.136012810227107e-21,True
jakarta,chronos_cov,timesfm_cov,-1.5158827896487177,0.13175639956799362,-0.03165421326504555,chronos_cov,False,0.2850364683441859,False
jakarta,chronos_base,chronos_base_cov,-14.130388323491019,6.3351227951243e-29,-1.8416358106776538,chronos_base,True,3.0619760176434116e-28,True
jakarta,chronos_base,timesfm,-1.1066135587536998,0.27031914464883355,-0.04555122322506369,chronos_base,False,0.6392979713903357,False
jakarta,chronos_base,timesfm_cov,-15.147191864570535,1.5961541710960664e-31,-1.8509206478574844,chronos_base,True,5.786058870223241e-31,True
jakarta,chronos_base_cov,timesfm,11.79394139773649,7.534530758025146e-23,1.7960845874525901,timesfm,True,2.185013919827292e-22,True
jakarta,chronos_base_cov,timesfm_cov,-0.4460850676041769,0.6562105069440355,-0.009284837179831258,chronos_base_cov,False,0.7315817806785019,False
jakarta,timesfm,timesfm_cov,-12.773551615419278,2.0817864200635225e-25,-1.805369424632421,timesfm,True,6.707978464649128e-25,True
kampala,seasonal_naive,lgbm_direct,6.9118358285670745,1.4625780751132439e-10,2.383846093749033,lgbm_direct,True,1.0603691044571017e-09,True
kampala,seasonal_naive,chronos,6.901854084971892,1.5417627847867075e-10,1.9190588633219403,chronos,True,2.235556037940726e-09,True
kampala,seasonal_naive,chronos_cov,0.5119825961072166,0.6094529663869896,0.24329087920041825,chronos_cov,False,0.6545976305638037,False
kampala,seasonal_naive,chronos_base,8.243374128795738,9.786454814359775e-14,1.9044454813003542,chronos_base,True,2.838071896164335e-12,True
kampala,seasonal_naive,chronos_base_cov,0.6151664823871527,0.5394225071481324,0.2750326852707279,chronos_base_cov,False,0.5793797298998459,False
kampala,seasonal_naive,timesfm,7.323925146128996,1.6104969645755396e-11,2.0422708537843497,timesfm,True,4.670441197269064e-10,True
kampala,seasonal_naive,timesfm_cov,0.7011015053851183,0.4843789884709694,0.3362840248096557,timesfm_cov,False,0.5402688717560813,False
kampala,lgbm_direct,chronos,-0.9979818400261015,0.319973897537,-0.464787230427093,lgbm_direct,False,0.5684312817324618,False
kampala,lgbm_direct,chronos_cov,-4.533975106736118,1.2141052146897475e-05,-2.140555214548615,lgbm_direct,True,1.5308283141740295e-05,True
kampala,lgbm_direct,chronos_base,-1.1044822878316385,0.27123894586097436,-0.47940061244867915,lgbm_direct,False,0.491620589373016,False
kampala,lgbm_direct,chronos_base_cov,-4.604095117314179,9.0686991525233e-06,-2.1088134084783055,lgbm_direct,True,1.1434446757529379e-05,True
kampala,lgbm_direct,timesfm,-1.1338401001117548,0.25875886065284437,-0.3415752399646839,lgbm_direct,False,0.57864196837482,False
kampala,lgbm_direct,timesfm_cov,-4.2586613792266785,3.70669990531931e-05,-2.0475620689393774,lgbm_direct,True,4.299771890170399e-05,True
kampala,chronos,chronos_cov,-4.355698563593648,2.514757693084006e-05,-1.6757679841215216,chronos,True,3.31490786815619e-05,True
kampala,chronos,chronos_base,-0.0884172102484878,0.9296687860285278,-0.014613382021586178,chronos,False,0.9676916715981103,False
kampala,chronos,chronos_base_cov,-4.622773562494304,8.386362680700336e-06,-1.6440261780512122,chronos,True,1.2160225887015488e-05,True
kampala,chronos,timesfm,0.5359892805096456,0.5927986863660129,0.12321199046240909,timesfm,False,0.7474418219397553,False
kampala,chronos,timesfm_cov,-4.126370423868666,6.229668681718227e-05,-1.5827748385122846,chronos,True,8.211835989537663e-05,True
kampala,chronos_cov,chronos_base,3.7278675775036256,0.00027748256421815333,1.6611546020999357,chronos_base,True,0.0003831902077298308,True
kampala,chronos_cov,chronos_base_cov,0.7537445400307121,0.4522419157200499,0.0317418060703096,chronos_base_cov,False,0.6663485801495858,False
kampala,chronos_cov,timesfm,6.362913383377731,2.514515458829205e-09,1.7989799745839312,timesfm,True,3.837944647686681e-09,True
kampala,chronos_cov,timesfm_cov,3.6376548035794642,0.000383324022120816,0.0929931456092375,timesfm_cov,True,0.0055581983207518325,True
kampala,chronos_base,chronos_base_cov,-3.8750967924910666,0.00016179636842750982,-1.629412796029626,chronos_base,True,0.00022343308020941833,True
kampala,chronos_base,timesfm,0.46737247800900666,0.640944816280185,0.13782537248399526,timesfm,False,0.8448818032784257,False
kampala,chronos_base,timesfm_cov,-3.5084099411987326,0.0006029593314858575,-1.5681614564906985,chronos_base,True,0.0007285758588787445,True
kampala,chronos_base_cov,timesfm,6.840433429166445,2.130984059999884e-10,1.7672381685136216,timesfm,True,3.6352081023527435e-10,True
kampala,chronos_base_cov,timesfm_cov,1.135022085505656,0.2582649558106194,0.06125133953892788,timesfm_cov,False,0.4088464007124574,False
kampala,timesfm,timesfm_cov,-5.983259646189959,1.6744348739578804e-08,-1.7059868289746936,timesfm,True,2.697700630265474e-08,True
karachi,seasonal_naive,lgbm_direct,2.537611853620083,0.012232935944620726,0.20621157714835195,lgbm_direct,True,0.022172196399625064,True
karachi,seasonal_naive,chronos,2.2785308086716993,0.024176407514213922,0.24750694698757605,chronos,True,0.04381973861951274,True
karachi,seasonal_naive,chronos_cov,-10.29438310104215,6.116632019700995e-19,-1.4035818370375115,seasonal_naive,True,4.434558214283221e-18,True
karachi,seasonal_naive,chronos_base,2.518601102699431,0.012883037345721472,0.2437514570024279,chronos_base,True,0.028739083309686362,True
karachi,seasonal_naive,chronos_base_cov,-11.090422828107828,5.192439011661153e-21,-1.3756994146336108,seasonal_naive,True,3.764518283454336e-20,True
karachi,seasonal_naive,timesfm,2.787611060773283,0.006032078908821745,0.23742984135945644,timesfm,True,0.017493028835583062,True
karachi,seasonal_naive,timesfm_cov,-12.848897861897925,1.324611816676068e-25,-1.4716959948518034,seasonal_naive,True,1.2804580894535324e-24,True
karachi,lgbm_direct,chronos,1.1269569591982693,0.2616481924514006,0.04129536983922414,chronos,False,0.5419855415064726,False
karachi,lgbm_direct,chronos_cov,-19.19690548419292,2.0717458987208954e-41,-1.6097934141858634,lgbm_direct,True,2.0026877020968655e-40,True
karachi,lgbm_direct,chronos_base,1.6615800106940986,0.09878777296600576,0.03753987985407598,chronos_base,False,0.33339634340620916,False
karachi,lgbm_direct,chronos_base_cov,-21.174186800489473,6.346213906690817e-46,-1.5819109917819625,lgbm_direct,True,6.134673443134457e-45,True
karachi,lgbm_direct,timesfm,2.097344106439555,0.03772302282140552,0.03121826421110447,timesfm,True,0.21879353236415203,False
karachi,lgbm_direct,timesfm_cov,-23.55078230519447,4.565271408917621e-51,-1.6779075720001553,lgbm_direct,True,4.413095695287034e-50,True
karachi,chronos,chronos_cov,-21.567814233641943,8.501818874041995e-47,-1.6510887840250876,chronos,True,8.218424911573928e-46,True
karachi,chronos,chronos_base,-0.23597978851789841,0.813786000644369,-0.0037554899851481613,chronos,False,0.943991760747468,False
karachi,chronos,chronos_base_cov,-23.57436001017582,4.0734564856147906e-51,-1.6232063616211867,chronos,True,5.9065119041414465e-50,True
karachi,chronos,timesfm,-0.349619329994665,0.7271387518574819,-0.010077105628119674,chronos,False,0.8340782034443982,False
karachi,chronos,timesfm_cov,-28.603878930899267,4.941928519116296e-61,-1.7192029418393795,chronos,True,1.433159270543726e-59,True
karachi,chronos_cov,chronos_base,22.16688455844293,4.1409763283653084e-48,1.6473332940399394,chronos_base,True,6.004415676129697e-47,True
karachi,chronos_cov,chronos_base_cov,1.1843541293991386,0.23823769445029905,0.027882422403900955,chronos_base_cov,False,0.4605928759372448,False
karachi,chronos_cov,timesfm,20.209669612606266,9.496823696110088e-44,1.641011678396968,timesfm,True,9.180262906239752e-43,True
karachi,chronos_cov,timesfm_cov,-1.893199012779163,0.0603517832020251,-0.06811415781429186,chronos_cov,False,0.16035939415640799,False
karachi,chronos_base,chronos_base_cov,-24.598790862108395,3.070888995431817e-53,-1.6194508716360385,chronos_base,True,7.506303431967687e-52,True
karachi,chronos_base,timesfm,-0.3768207327782238,0.7068654052208887,-0.006321615642971512,chronos_base,False,0.891265076148077,False
karachi,chronos_base,timesfm_cov,-29.35733606975128,2.053722820205681e-62,-1.7154474518542313,chronos_base,True,5.955796178596475e-61,True
karachi,chronos_base_cov,timesfm,22.830399934799548,1.535420202464959e-49,1.6131292559930668,timesfm,True,2.2263592935741906e-48,True
karachi,chronos_base_cov,timesfm_cov,-2.938350654250462,0.0038480096093548417,-0.09599658021819282,chronos_base_cov,True,0.03640786498931844,True
karachi,timesfm,timesfm_cov,-26.018252716850736,4.317649430908497e-56,-1.7091258362112596,timesfm,True,6.260591674817321e-55,True
krakow,seasonal_naive,lgbm_direct,2.100525224540922,0.03743794418011713,3.687308610997268,lgbm_direct,True,0.06031668784574426,False
krakow,seasonal_naive,chronos,2.199592994693956,0.0294416579367303,3.8120250571105223,chronos,True,0.05022400471559875,False
krakow,seasonal_naive,chronos_cov,2.266597318161262,0.02491527019300831,3.8663185229446557,chronos_cov,True,0.034406801695106716,True
krakow,seasonal_naive,chronos_base,2.0996782324573084,0.037513666540481924,3.5231513568096693,chronos_base,True,0.06399390174552799,False
krakow,seasonal_naive,chronos_base_cov,2.2832808745496727,0.023887690751142433,3.8929230372705472,chronos_base_cov,True,0.03298776341824431,True
krakow,seasonal_naive,timesfm,2.2125699199726543,0.02851296738991703,3.6972007789545582,timesfm,True,0.05512507028717292,False
krakow,seasonal_naive,timesfm_cov,1.7347011246611492,0.08494844747504542,3.390665584335899,timesfm_cov,False,0.10710891203375292,False
krakow,lgbm_direct,chronos,0.9789901304936733,0.3292381878986981,0.12471644611325382,chronos,False,0.5684312817324618,False
krakow,lgbm_direct,chronos_cov,1.4704872902917265,0.14362675430168764,0.1790099119473883,chronos_cov,False,0.14875628124103363,False
krakow,lgbm_direct,chronos_base,-0.7956190482416533,0.4275721836219256,-0.16415725418759866,lgbm_direct,False,0.6064394349301419,False
krakow,lgbm_direct,chronos_base_cov,1.4770215893162593,0.14186875051758344,0.20561442627327903,chronos_base_cov,False,0.15237754685221924,False
krakow,lgbm_direct,timesfm,0.07126867169418591,0.9432835043985899,0.009892167957291198,timesfm,False,0.9432835043985899,False
krakow,lgbm_direct,timesfm_cov,-0.6945066058784148,0.488491379846999,-0.29664302666136916,lgbm_direct,False,0.4884913798469989,False
krakow,chronos,chronos_cov,0.4471453930521788,0.6554466110588026,0.0542934658341345,chronos_cov,False,0.6554466110588026,False
krakow,chronos,chronos_base,-2.1201312124134013,0.0357215209643599,-0.28887370030085247,chronos,True,0.5118879712081613,False
krakow,chronos,chronos_base_cov,0.6275144658914348,0.5313227882130316,0.08089798016002518,chronos_base_cov,False,0.5313227882130316,False
krakow,chronos,timesfm,-1.2442192472951379,0.215454411522849,-0.11482427815596262,chronos,False,0.6248177934162621,False
krakow,chronos,timesfm_cov,-0.8734035327316272,0.38390748347723647,-0.42135947277462305,chronos,False,0.38390748347723647,False
krakow,chronos_cov,chronos_base,-2.122591500826758,0.03551099796493685,-0.343167166134987,chronos_cov,True,0.038141442258635874,True
krakow,chronos_cov,chronos_base_cov,0.3072687706134937,0.7590858279535883,0.026604514325890703,chronos_base_cov,False,0.8283113477338986,False
krakow,chronos_cov,timesfm,-1.4141208230610491,0.1594999140461061,-0.16911774399009713,chronos_cov,False,0.1594999140461061,False
krakow,chronos_cov,timesfm_cov,-1.1422543283934499,0.25525727275051274,-0.4756529386087575,chronos_cov,False,0.4354388770449923,False
krakow,chronos_base,chronos_base_cov,2.426951597095585,0.01647044051684901,0.36977168046087766,chronos_base_cov,True,0.017690473147726715,True
krakow,chronos_base,timesfm,1.1633678517948112,0.24661783718443633,0.17404942214488983,timesfm,False,0.6392979713903357,False
krakow,chronos_base,timesfm_cov,-0.2686805032721046,0.7885627888817774,-0.13248577247377044,chronos_base,False,0.7885627888817774,False
krakow,chronos_base_cov,timesfm,-1.392933196099809,0.16580170377155481,-0.1957222583159878,chronos_base_cov,False,0.17172319319196747,False
krakow,chronos_base_cov,timesfm_cov,-1.2620415395472198,0.20898833613352066,-0.5022574529346482,chronos_base_cov,False,0.35650951458071173,False
krakow,timesfm,timesfm_cov,-0.6109478502532676,0.5422039935475207,-0.30653519461866036,timesfm,False,0.5422039935475207,False
lagos,seasonal_naive,lgbm_direct,1.9624656267099028,0.051649437152392653,0.40359481794616997,lgbm_direct,False,0.07489168387096935,False
lagos,seasonal_naive,chronos,2.0778929747174977,0.03950705536790503,0.4505499389436511,chronos,True,0.057285230283462295,False
lagos,seasonal_naive,chronos_cov,-2.674517964782728,0.008355579708295357,-0.7488621190220939,seasonal_naive,True,0.012753253238977122,True
lagos,seasonal_naive,chronos_base,1.922902864189569,0.056479986999342376,0.4365171750386556,chronos_base,False,0.08189598114904645,False
lagos,seasonal_naive,chronos_base_cov,-2.604057557874721,0.010185239706430472,-0.7447509286038207,seasonal_naive,True,0.015545892183499143,True
lagos,seasonal_naive,timesfm,1.9328663567480266,0.0552289909726296,0.3936043368445501,timesfm,False,0.08429688095822413,False
lagos,seasonal_naive,timesfm_cov,-2.6224564763549676,0.009675587107272171,-0.7908350820610774,seasonal_naive,True,0.014815385984607375,True
lagos,lgbm_direct,chronos,0.8759053513966105,0.3825504244717516,0.04695512099748103,chronos,False,0.5684312817324618,False
lagos,lgbm_direct,chronos_cov,-10.355280847024744,4.252530058017254e-19,-1.1524569369682638,lgbm_direct,True,1.2332337168250035e-18,True
lagos,lgbm_direct,chronos_base,0.534616297481835,0.5937454687779046,0.03292235709248565,chronos_base,False,0.6887447437823693,False
lagos,lgbm_direct,chronos_base_cov,-9.995435568845204,3.627339509013373e-18,-1.1483457465499907,lgbm_direct,True,8.766070480115651e-18,True
lagos,lgbm_direct,timesfm,-0.34177639005411464,0.7330209214318246,-0.00999048110161982,lgbm_direct,False,0.8857336133967881,False
lagos,lgbm_direct,timesfm_cov,-9.496409642078106,6.942765898785416e-17,-1.1944299000072476,lgbm_direct,True,1.830365555134337e-16,True
lagos,chronos,chronos_cov,-8.737738532581071,5.790244498508596e-15,-1.1994120579657448,chronos,True,1.2916699265903792e-14,True
lagos,chronos,chronos_base,-0.8621575740522851,0.3900443131658916,-0.01403276390499538,chronos,False,0.7799225723798618,False
lagos,chronos,chronos_base_cov,-8.522932657379487,1.990228229971969e-14,-1.1953008675474717,chronos,True,4.439739897629777e-14,True
lagos,chronos,timesfm,-0.8297782387295841,0.4080472407581811,-0.05694560209910085,chronos,False,0.7474418219397553,False
lagos,chronos,timesfm_cov,-8.279328391108054,7.981321382672382e-14,-1.2413850210047284,chronos,True,1.653273714982136e-13,True
lagos,chronos_cov,chronos_base,8.771039116747286,4.777832721760335e-15,1.1853792940607495,chronos_base,True,1.0658242225465362e-14,True
lagos,chronos_cov,chronos_base_cov,0.2913754300538517,0.7711864272005262,0.004111190418273224,chronos_base_cov,False,0.8283113477338986,False
lagos,chronos_cov,timesfm,9.44764840906182,9.24942577558187e-17,1.142466455866644,timesfm,True,2.2352778957656186e-16,True
lagos,chronos_cov,timesfm_cov,-1.1676436753310575,0.24489372192761702,-0.04197296303898357,chronos_cov,False,0.4354388770449923,False
lagos,chronos_base,chronos_base_cov,-8.537382961940251,1.8321229653877613e-14,-1.1812681036424761,chronos_base,True,4.42763049968709e-14,True
lagos,chronos_base,timesfm,-0.5609453507586445,0.5757127020969812,-0.04291283819410547,chronos_base,False,0.825378114422531,False
lagos,chronos_base,timesfm_cov,-8.321192713110571,6.292323239901554e-14,-1.227352257099733,chronos_base,True,1.4036721073626544e-13,True
lagos,chronos_base_cov,timesfm,9.179263022498828,4.459717791633547e-16,1.1383552654483706,timesfm,True,1.0777651329781073e-15,True
lagos,chronos_base_cov,timesfm_cov,-1.9227900235654871,0.056494290426525394,-0.04608415345725679,chronos_base_cov,False,0.12602572479763358,False
lagos,timesfm,timesfm_cov,-8.950789191581379,1.6873986416993559e-15,-1.1844394189056275,timesfm,True,4.448596419025574e-15,True
lahore,seasonal_naive,lgbm_direct,5.275845273289415,4.79337926992486e-07,1.4006626905712587,lgbm_direct,True,2.780159976556419e-06,True
lahore,seasonal_naive,chronos,7.526536241205397,5.3364838306062025e-12,1.5846154371897379,chronos,True,1.5475803108757987e-10,True
lahore,seasonal_naive,chronos_cov,-7.510744331500236,5.818829727883844e-12,-2.704326147178745,seasonal_naive,True,3.374921242172629e-11,True
lahore,seasonal_naive,chronos_base,6.678996170491305,4.95669254437752e-10,1.545053728421529,chronos_base,True,7.187204189347404e-09,True
lahore,seasonal_naive,chronos_base_cov,-8.331378333008917,5.938291834851149e-14,-2.740735443161831,seasonal_naive,True,3.4442092642136664e-13,True
lahore,seasonal_naive,timesfm,7.129268992516937,4.598397837238453e-11,1.4691368963983324,timesfm,True,6.667676863995757e-10,True
lahore,seasonal_naive,timesfm_cov,-7.833153952577359,9.806794374266528e-13,-2.7656642618357066,seasonal_naive,True,4.7399506142288226e-12,True
lahore,lgbm_direct,chronos,2.1049973349447555,0.03704030653618604,0.18395274661847927,chronos,True,0.15345269850705648,False
lahore,lgbm_direct,chronos_cov,-13.618744049739215,1.3255903901160376e-27,-4.104988837750003,lgbm_direct,True,4.805265164170636e-27,True
lahore,lgbm_direct,chronos_base,2.075195140927525,0.03976012415604212,0.14439103785027044,chronos_base,True,0.28826090013130534,False
lahore,lgbm_direct,chronos_base_cov,-15.055537474646368,2.7272863259660374e-31,-4.141398133733089,lgbm_direct,True,1.1298757636145013e-30,True
lahore,lgbm_direct,timesfm,0.6225444555867917,0.534575382847416,0.06847420582707377,timesfm,False,0.755533379682868,False
lahore,lgbm_direct,timesfm_cov,-14.681896343181924,2.440994241023917e-30,-4.1663269524069655,lgbm_direct,True,7.865425887743734e-30,True
lahore,chronos,chronos_cov,-13.222748195805547,1.41055549598686e-26,-4.288941584368484,chronos,True,6.817684897269824e-26,True
lahore,chronos,chronos_base,-0.731802341804129,0.465486814165048,-0.039561708768208845,chronos,False,0.7799225723798618,False
lahore,chronos,chronos_base_cov,-14.730300721943012,1.8363708055891958e-30,-4.32535088035157,chronos,True,8.875792227014446e-30,True
lahore,chronos,timesfm,-2.4240559034599842,0.01659699176552584,-0.11547854079140553,chronos,True,0.1604375870667498,False
lahore,chronos,timesfm_cov,-14.418123650450543,1.1551306000534779e-29,-4.350279699025445,chronos,True,4.187348425193857e-29,True
lahore,chronos_cov,chronos_base,15.301796929601412,6.477301294681773e-32,4.249379875600274,chronos_base,True,4.696043438644286e-31,True
lahore,chronos_cov,chronos_base_cov,-0.6271112067939195,0.5315863203081149,-0.03640929598308625,chronos_cov,False,0.6663485801495858,False
lahore,chronos_cov,timesfm,12.177504611010566,7.487753066863119e-24,4.173463043577078,timesfm,True,3.102069127700435e-23,True
lahore,chronos_cov,timesfm_cov,-0.8533897421016351,0.3948704122686437,-0.06133811465696142,chronos_cov,False,0.5656792905770077,False
lahore,chronos_base,chronos_base_cov,-17.238095148880248,9.915975919363713e-37,-4.28578917158336,chronos_base,True,7.189082541538692e-36,True
lahore,chronos_base,timesfm,-0.9441045171674505,0.34670863713395417,-0.07591683202319668,chronos_base,False,0.6875427571881896,False
lahore,chronos_base,timesfm_cov,-16.878136247104486,7.550518147413624e-36,-4.310717990257236,chronos_base,True,4.3793005254999017e-35,True
lahore,chronos_base_cov,timesfm,13.691500497123004,8.593166880348233e-28,4.209872339560164,timesfm,True,3.1150229941262346e-27,True
lahore,chronos_base_cov,timesfm_cov,-0.23930642708936303,0.8112106302759515,-0.024928818673875173,chronos_base_cov,False,0.8401824385000927,False
lahore,timesfm,timesfm_cov,-12.95679254819939,6.935701341418831e-26,-4.234801158234039,timesfm,True,2.514191736264326e-25,True
lima,seasonal_naive,lgbm_direct,1.7000680469830265,0.09129210390833174,0.4977415213017255,lgbm_direct,False,0.12033959151552821,False
lima,seasonal_naive,chronos,1.5196744670667577,0.13080075346850142,0.4314734220504761,chronos,False,0.1580509104411059,False
lima,seasonal_naive,chronos_cov,-3.426945442365776,0.0007973216445860118,-1.0365014083003645,seasonal_naive,True,0.001751079227257936,True
lima,seasonal_naive,chronos_base,1.5733252758435146,0.11785342908336836,0.45487653149498836,chronos_base,False,0.1424062268090701,False
lima,seasonal_naive,chronos_base_cov,-3.5073173498559753,0.0006052420918804936,-1.0291750574425502,seasonal_naive,True,0.0012600690287894259,True
lima,seasonal_naive,timesfm,1.331764114284681,0.18505655647733066,0.3763892942004734,timesfm,False,0.21466560551370356,False
lima,seasonal_naive,timesfm_cov,-3.4935079262558477,0.000634803635117108,-1.0795300902139175,seasonal_naive,True,0.0014161004167997024,True
lima,lgbm_direct,chronos,-2.3532136854010233,0.01997382701609332,-0.06626809925124942,lgbm_direct,True,0.15345269850705648,False
lima,lgbm_direct,chronos_cov,,,-1.5342429296020896,lgbm_direct,False,1.0,False
lima,lgbm_direct,chronos_base,-1.8507770540053878,0.06626482379123849,-0.04286498980673719,lgbm_direct,False,0.33339634340620916,False
lima,lgbm_direct,chronos_base_cov,,,-1.5269165787442756,lgbm_direct,False,1.0,False
lima,lgbm_direct,timesfm,-2.3039828482936446,0.02266438932524311,-0.12135222710125212,lgbm_direct,True,0.16431682260801256,False
lima,lgbm_direct,timesfm_cov,-66.15452766214891,3.9673427346995827e-109,-1.5772716115156433,lgbm_direct,True,1.150529393062879e-107,True
lima,chronos,chronos_cov,-102.39694802665933,1.0996647447006022e-135,-1.4679748303508404,chronos,True,3.1890277596317464e-134,True
lima,chronos,chronos_base,1.3497982994536146,0.179213524517909,0.02340310944451223,chronos_base,False,0.7799225723798618,False
lima,chronos,chronos_base_cov,-82.53604930805298,1.6193928778741997e-122,-1.4606484794930263,chronos,True,4.696239345835179e-121,True
lima,chronos,timesfm,-1.5466764758777787,0.12415151540564802,-0.05508412785000269,chronos,False,0.5143419923948275,False
lima,chronos,timesfm_cov,-23.664488546173875,2.636337759356733e-51,-1.5110035122643939,chronos,True,3.822689751067263e-50,True
lima,chronos_cov,chronos_base,,,1.4913779397953526,chronos_base,False,1.0,False
lima,chronos_cov,chronos_base_cov,0.600804409823737,0.5489213541520417,0.007326350857814153,chronos_base_cov,False,0.6663485801495858,False
lima,chronos_cov,timesfm,29.48515045151861,1.2042927758026807e-62,1.4128907025008377,timesfm,True,3.492449049827774e-61,True
lima,chronos_cov,timesfm_cov,-1.493139346207498,0.13760381230408975,-0.04302868191355334,chronos_cov,False,0.2850364683441859,False
lima,chronos_base,chronos_base_cov,,,-1.4840515889375385,chronos_base,False,1.0,False
lima,chronos_base,timesfm,-1.6502383128765494,0.10108894907589466,-0.07848723729451493,chronos_base,False,0.4963613617524047,False
lima,chronos_base,timesfm_cov,-25.35885989680395,8.859920329803429e-55,-1.534406621708906,chronos_base,True,1.2846884478214971e-53,True
lima,chronos_base_cov,timesfm,27.49827376973135,5.860212104773862e-59,1.4055643516430234,timesfm,True,1.6994615103844202e-57,True
lima,chronos_base_cov,timesfm_cov,-1.5530990388266244,0.12260986876169737,-0.0503550327713675,chronos_base_cov,False,0.2370457462726149,False
lima,timesfm,timesfm_cov,-19.20989546531856,1.931899851379544e-41,-1.455919384414391,timesfm,True,1.4006273922501694e-40,True
los_angeles,seasonal_naive,lgbm_direct,3.6540504887880387,0.00036161391221615856,4.096703302785408,lgbm_direct,True,0.0010486803454268598,True
los_angeles,seasonal_naive,chronos,2.7039865920998016,0.007682736785334351,3.363293992148505,chronos,True,0.020254487888608744,True
los_angeles,seasonal_naive,chronos_cov,-3.5288114713187193,0.0005617932999543024,-2.2807180130846785,seasonal_naive,True,0.0013576671415562308,True
los_angeles,seasonal_naive,chronos_base,2.8675224623560376,0.004763279346797002,3.5957478496763438,chronos_base,True,0.013813510105711307,True
los_angeles,seasonal_naive,chronos_base_cov,-3.419422459344098,0.0008179657672137652,-2.2126380091939524,seasonal_naive,True,0.0015814004832799462,True
los_angeles,seasonal_naive,timesfm,2.8125194278542565,0.005606944820579169,3.278286825286018,timesfm,True,0.017493028835583062,True
los_angeles,seasonal_naive,timesfm_cov,-3.3979039922112397,0.0008798160591912158,-2.1334302638936617,seasonal_naive,True,0.0018224761226103756,True
los_angeles,lgbm_direct,chronos,-0.7556108284338768,0.4511253909910634,-0.7334093106369026,lgbm_direct,False,0.6229826827971828,False
los_angeles,lgbm_direct,chronos_cov,-5.9560047396042,1.9139147093116053e-08,-6.3774213158700865,lgbm_direct,True,3.083529253890919e-08,True
los_angeles,lgbm_direct,chronos_base,-0.5364820193522811,0.5924590738451478,-0.5009554531090639,lgbm_direct,False,0.6887447437823693,False
los_angeles,lgbm_direct,chronos_base_cov,-6.0084145048163276,1.4796456530049226e-08,-6.30934131197936,lgbm_direct,True,2.681857746071422e-08,True
los_angeles,lgbm_direct,timesfm,-0.9897665534892097,0.323960024819573,-0.8184164774993905,lgbm_direct,False,0.6263227146511744,False
los_angeles,lgbm_direct,timesfm_cov,-5.98051899122202,1.6971202047626325e-08,-6.23013356667907,lgbm_direct,True,2.460824296905817e-08,True
los_angeles,chronos,chronos_cov,-6.718904947941132,4.0267241906269326e-10,-5.644012005233185,chronos,True,7.298437595511315e-10,True
los_angeles,chronos,chronos_base,1.9514838693600487,0.052953928056016696,0.23245385752783868,chronos_base,False,0.5118879712081613,False
los_angeles,chronos,chronos_base_cov,-6.6759526269753104,5.035739435917545e-10,-5.5759320013424585,chronos,True,9.127277727600551e-10,True
los_angeles,chronos,timesfm,-0.42672193838508266,0.6702236031830127,-0.08500716686248794,chronos,False,0.809853520512807,False
los_angeles,chronos,timesfm_cov,-6.588259878360943,7.932059734220252e-10,-5.496724256042167,chronos,True,1.4376858268274208e-09,True
los_angeles,chronos_cov,chronos_base,6.833229012778069,2.2132435616122756e-10,5.876465862761023,chronos_base,True,4.584575949054e-10,True
los_angeles,chronos_cov,chronos_base_cov,2.2260904093521625,0.02757260205411568,0.06808000389072627,chronos_base_cov,True,0.17228575584218175,False
los_angeles,chronos_cov,timesfm,7.275431917610188,2.0939352617349385e-11,5.559004838370695,timesfm,True,4.0482748393542145e-11,True
los_angeles,chronos_cov,timesfm_cov,3.3074471418279145,0.0011908982809396501,0.14728774919101706,timesfm_cov,True,0.011512016715749952,True
los_angeles,chronos_base,chronos_base_cov,-6.805991762781711,2.553543102074795e-10,-5.808385858870297,chronos_base,True,5.289482140012076e-10,True
los_angeles,chronos_base,timesfm,-1.5871455149092981,0.11468842334551635,-0.31746102439032664,chronos_base,False,0.4963613617524047,False
los_angeles,chronos_base,timesfm_cov,-6.719546477361912,4.0132773082743075e-10,-5.729178113570006,chronos_base,True,7.759002795996995e-10,True
los_angeles,chronos_base_cov,timesfm,7.285917730843109,1.9785143672155037e-11,5.490924834479969,timesfm,True,3.825127776616641e-11,True
los_angeles,chronos_base_cov,timesfm_cov,2.0595321310571664,0.0412570092099126,0.07920774530029079,timesfm_cov,True,0.11964532670874654,False
los_angeles,timesfm,timesfm_cov,-7.189142545136306,3.3344218060327746e-11,-5.411717089179679,timesfm,True,6.043639523434404e-11,True
madrid,seasonal_naive,lgbm_direct,2.907056547472257,0.004230431053249883,1.120196887073246,lgbm_direct,True,0.01022354171202055,True
madrid,seasonal_naive,chronos,6.145140076702902,7.51765317710635e-09,1.6446619888146718,chronos,True,7.267064737869473e-08,True
madrid,seasonal_naive,chronos_cov,0.07380921718838952,0.9412653374237526,0.02785984427929458,chronos_cov,False,0.9412653374237526,False
madrid,seasonal_naive,chronos_base,5.586237115076562,1.1340685048626043e-07,1.575704143775834,chronos_base,True,8.221996660253881e-07,True
madrid,seasonal_naive,chronos_base_cov,1.3917492397742057,0.16615935169983065,0.4081845907040298,chronos_base_cov,False,0.19274484797180358,False
madrid,seasonal_naive,timesfm,5.563721569530919,1.26114290620181e-07,1.6833951248062984,timesfm,True,7.314628855970496e-07,True
madrid,seasonal_naive,timesfm_cov,0.6690746310428293,0.5045266139015147,0.21364474919987125,timesfm_cov,False,0.5418989556719972,False
madrid,lgbm_direct,chronos,1.3587222799211487,0.17637395170913137,0.5244651017414257,chronos,False,0.4837050363233789,False
madrid,lgbm_direct,chronos_cov,-2.132153211735329,0.034702943375387235,-1.0923370427939514,lgbm_direct,True,0.03870712914947038,True
madrid,lgbm_direct,chronos_base,1.378164551286852,0.17030504925423515,0.45550725670258785,chronos_base,False,0.33339634340620916,False
madrid,lgbm_direct,chronos_base_cov,-1.9241919605476212,0.056316800063483004,-0.7120122963692163,lgbm_direct,False,0.06281489237850027,False
madrid,lgbm_direct,timesfm,1.9160668377003822,0.057352021928880406,0.5631982377330521,timesfm,False,0.23760123370536168,False
madrid,lgbm_direct,timesfm_cov,-2.014640257087796,0.04581711329079379,-0.9065521378733747,lgbm_direct,True,0.04921097353455629,True
madrid,chronos,chronos_cov,-3.0602763992282114,0.002641518538376425,-1.6168021445353773,chronos,True,0.0030641615045166526,True
madrid,chronos,chronos_base,-0.7889675053021963,0.4314371040609656,-0.06895784503883784,chronos,False,0.7799225723798618,False
madrid,chronos,chronos_base_cov,-3.725678224981182,0.000279685821226661,-1.236477398110642,chronos,True,0.00033795370064888206,True
madrid,chronos,timesfm,0.28434731000126057,0.7765555687240948,0.03873313599162631,timesfm,False,0.8340782034443982,False
madrid,chronos,timesfm_cov,-3.187432993839526,0.001763253355947849,-1.4310172396148007,chronos,True,0.001966705666249524,True
madrid,chronos_cov,chronos_base,2.866134600724436,0.004783054720064035,1.5478442994965393,chronos_base,True,0.005548343475274281,True
madrid,chronos_cov,chronos_base_cov,1.5193081895408689,0.1308928315400627,0.3803247464247352,chronos_base_cov,False,0.34853325087809744,False
madrid,chronos_cov,timesfm,3.0089854653558854,0.003098678260852655,1.6555352805270036,timesfm,True,0.0033282099838787774,True
madrid,chronos_cov,timesfm_cov,1.5375907881630473,0.12635846194357744,0.1857849049205767,timesfm_cov,False,0.2850364683441859,False
madrid,chronos_base,chronos_base_cov,-3.442055739366894,0.0007573245800077947,-1.167519553071804,chronos_base,True,0.0009151005341760853,True
madrid,chronos_base,timesfm,0.902983561712686,0.36805316450899184,0.10769098103046416,timesfm,False,0.6875427571881896,False
madrid,chronos_base,timesfm_cov,-2.939933657418847,0.0038295355050303862,-1.3620593945759625,chronos_base,True,0.004271404986380046,True
madrid,chronos_base_cov,timesfm,3.701952671548223,0.0003046488373144694,1.2752105341022681,timesfm,True,0.0003533926512847845,True
madrid,chronos_base_cov,timesfm_cov,-1.1123250371254614,0.26786488322540314,-0.1945398415041585,chronos_base_cov,False,0.4088464007124574,False
madrid,timesfm,timesfm_cov,-3.1784571548392004,0.0018150008637795858,-1.4697503756064267,timesfm,True,0.002024424040369538,True
manila,seasonal_naive,lgbm_direct,4.601817634140332,9.155475504988802e-06,0.395742695155722,lgbm_direct,True,3.7929827092096474e-05,True
manila,seasonal_naive,chronos,4.277968968505542,3.4329694857397576e-05,0.32372020085652686,chronos,True,0.0001244451438580662,True
manila,seasonal_naive,chronos_cov,-7.188201765793308,3.3513343173893385e-11,-1.0400651617285377,seasonal_naive,True,1.4696284485058376e-10,True
manila,seasonal_naive,chronos_base,3.8402959890888573,0.0001840451690850186,0.3162988556755915,chronos_base,True,0.0006671637379331923,True
manila,seasonal_naive,chronos_base_cov,-7.737407460308127,1.6690796390568415e-12,-1.020609501552223,seasonal_naive,True,8.0672182554414e-12,True
manila,seasonal_naive,timesfm,5.288654624190439,4.521024359237841e-07,0.40036039882236074,timesfm,True,2.185161773631623e-06,True
manila,seasonal_naive,timesfm_cov,-9.580636989930579,4.226960080165665e-17,-1.1268205222363932,seasonal_naive,True,2.4516368464960855e-16,True
manila,lgbm_direct,chronos,-1.2841480955513438,0.20116676668414096,-0.07202249429919523,lgbm_direct,False,0.4837050363233789,False
manila,lgbm_direct,chronos_cov,-14.245225538622414,3.2094929952188635e-29,-1.4358078568842598,lgbm_direct,True,1.3296470980192432e-28,True
manila,lgbm_direct,chronos_base,-1.4563162834099144,0.14749732513156708,-0.07944383948013058,lgbm_direct,False,0.33339634340620916,False
manila,lgbm_direct,chronos_base_cov,-15.665061728360685,7.852680525099611e-33,-1.4163521967079449,lgbm_direct,True,3.7954622537981456e-32,True
manila,lgbm_direct,timesfm,0.08116392450550719,0.9354250751872115,0.00461770366663868,timesfm,False,0.9432835043985899,False
manila,lgbm_direct,timesfm_cov,-21.72192368352558,3.8907136649021887e-47,-1.5225632173921153,lgbm_direct,True,2.2566139256432696e-46,True
manila,chronos,chronos_cov,-12.14157967921183,9.29478058918711e-24,-1.3637853625850647,chronos,True,3.850694815520374e-23,True
manila,chronos,chronos_base,-0.47971657244121935,0.6321618393807569,-0.00742134518093534,chronos,False,0.8139565550631522,False
manila,chronos,chronos_base_cov,-12.634027695363322,4.811266518954372e-25,-1.3443297024087495,chronos,True,1.3952672904967679e-24,True
manila,chronos,timesfm,1.9665999617785415,0.05116542262809989,0.07664019796583392,timesfm,False,0.2967594512429793,False
manila,chronos,timesfm_cov,-15.8296719935501,3.0314214842130966e-33,-1.45054072309292,chronos,True,1.255874614888283e-32,True
manila,chronos_cov,chronos_base,13.065369805905465,3.6185152403995745e-26,1.3563640174041294,chronos_base,True,1.6376606192992196e-25,True
manila,chronos_cov,chronos_base_cov,0.6963723714214761,0.4873260157549685,0.019455660176314924,chronos_base_cov,False,0.6663485801495858,False
manila,chronos_cov,timesfm,17.698471705326792,7.556059609539879e-38,1.4404255605508984,timesfm,True,4.3825145735331294e-37,True
manila,chronos_cov,timesfm_cov,-2.1319051920219136,0.034723701193522166,-0.08675536050785532,chronos_cov,True,0.11675593739191095,False
manila,chronos_base,chronos_base_cov,-13.213950435044847,1.4867847693661027e-26,-1.3369083572278144,chronos_base,True,5.389594788952122e-26,True
manila,chronos_base,timesfm,2.6726546212489866,0.008399863807789107,0.08406154314676925,timesfm,True,0.13720190690135928,False
manila,chronos_base,timesfm_cov,-16.710909562320097,1.9486978737264343e-35,-1.4431193779119846,chronos_base,True,9.418706389677766e-35,True
manila,chronos_base_cov,timesfm,17.801300654409093,4.2664088424647746e-38,1.4209699003745837,timesfm,True,2.474517128629569e-37,True
manila,chronos_base_cov,timesfm_cov,-4.628781359107453,8.17763229720754e-06,-0.10621102068417024,chronos_base_cov,True,0.00023715133661901864,True
manila,timesfm,timesfm_cov,-24.10901515921675,3.1280364057767215e-52,-1.5271809210587537,timesfm,True,3.023768525584164e-51,True
mexico_city,seasonal_naive,lgbm_direct,2.0747035321146874,0.03980638866692019,1.4829197111552768,lgbm_direct,True,0.060757119544246604,False
mexico_city,seasonal_naive,chronos,2.408092355314811,0.01731026125783877,1.1046985414293076,chronos,True,0.03346650509848829,True
mexico_city,seasonal_naive,chronos_cov,-2.837123415424941,0.005213999267700298,-2.8515748989627756,seasonal_naive,True,0.008400332153517147,True
mexico_city,seasonal_naive,chronos_base,2.1960659276315,0.029698572316943242,1.1017701162232294,chronos_base,True,0.053828662324459625,False
mexico_city,seasonal_naive,chronos_base_cov,-2.9024137345236274,0.0042900459940432775,-2.868957539713311,seasonal_naive,True,0.006911740768180836,True
mexico_city,seasonal_naive,timesfm,2.097129863309677,0.03774228930227383,1.181275329324934,timesfm,True,0.06438390528034947,False
mexico_city,seasonal_naive,timesfm_cov,-2.964885593736646,0.0035488951083008607,-3.0142677950884877,seasonal_naive,True,0.006053997537689704,True
mexico_city,lgbm_direct,chronos,-0.8757067106974434,0.38265806423236315,-0.378221169725969,lgbm_direct,False,0.5684312817324618,False
mexico_city,lgbm_direct,chronos_cov,-5.397431001251462,2.741512930048161e-07,-4.334494610118052,lgbm_direct,True,3.785898808161746e-07,True
mexico_city,lgbm_direct,chronos_base,-0.8880041242630569,0.3760297184343103,-0.3811495949320474,lgbm_direct,False,0.5978296906020807,False
mexico_city,lgbm_direct,chronos_base_cov,-5.6125075270443014,1.0015765256921338e-07,-4.351877250868587,lgbm_direct,True,1.528722065530099e-07,True
mexico_city,lgbm_direct,timesfm,-0.7504465910365006,0.4542187982273871,-0.3016443818303424,lgbm_direct,False,0.7223549959265448,False
mexico_city,lgbm_direct,timesfm_cov,-5.580355400800557,1.1660013141551358e-07,-4.497187506243764,lgbm_direct,True,1.61019229097614e-07,True
mexico_city,chronos,chronos_cov,-3.740437757792947,0.0002651472710371772,-3.956273440392083,chronos,True,0.00033431612435122347,True
mexico_city,chronos,chronos_base,-0.04057454509793437,0.9676916715981103,-0.0029284252060784136,chronos,False,0.9676916715981103,False
mexico_city,chronos,chronos_base_cov,-3.8405871807418497,0.00018384749039665393,-3.9736560811426185,chronos,True,0.00023180770528273757,True
mexico_city,chronos,timesfm,0.5866475018435603,0.5583654364114442,0.07657678789562655,timesfm,False,0.7474418219397553,False
mexico_city,chronos,timesfm_cov,-3.889236202607112,0.00015350840062050867,-4.118966336517795,chronos,True,0.000185489317416448,True
mexico_city,chronos_cov,chronos_base,3.7118256185940393,0.00029401505238291393,3.9533450151860046,chronos_base,True,0.000387565296322932,True
mexico_city,chronos_cov,chronos_base_cov,-0.43487584278319635,0.6643081218793991,-0.017382640750535455,chronos_cov,False,0.7705974213801031,False
mexico_city,chronos_cov,timesfm,3.6942177616420393,0.0003132329875238623,4.03285022828771,timesfm,True,0.00037848985992466693,True
mexico_city,chronos_cov,timesfm_cov,-2.512899979827746,0.013083927845122391,-0.16269289612571183,chronos_cov,True,0.058558856465081695,False
mexico_city,chronos_base,chronos_base_cov,-3.810723684901418,0.00020520661721529698,-3.9707276559365408,chronos_base,True,0.00027049963178380057,True
mexico_city,chronos_base,timesfm,0.5289104224625812,0.5976876000990741,0.07950521310170496,timesfm,False,0.825378114422531,False
mexico_city,chronos_base,timesfm_cov,-3.8636049326395576,0.0001688441092954029,-4.116037911311717,chronos_base,True,0.0002225672349803038,True
mexico_city,chronos_base_cov,timesfm,3.794272267660771,0.00021795857899340644,4.050232869038245,timesfm,True,0.0002633666162836995,True
mexico_city,chronos_base_cov,timesfm_cov,-1.9389873783781777,0.05447208250389186,-0.1453102553751764,chronos_base_cov,False,0.12602572479763358,False
mexico_city,timesfm,timesfm_cov,-3.844751356481179,0.00018104256633324258,-4.1955431244134225,timesfm,True,0.00021875976765266811,True
mumbai,seasonal_naive,lgbm_direct,3.877322269288985,0.00016046425244425886,0.8603242567340554,lgbm_direct,True,0.0005170514800981674,True
mumbai,seasonal_naive,chronos,2.4845758193314693,0.014124071763860043,0.6573742707570394,chronos,True,0.029832144843085124,True
mumbai,seasonal_naive,chronos_cov,-7.177626667248681,3.5473790136347804e-11,-2.1447819894069022,seasonal_naive,True,1.4696284485058376e-10,True
mumbai,seasonal_naive,chronos_base,2.3651640448985978,0.019364827927873595,0.619003078672621,chronos_base,True,0.03743866732722228,True
mumbai,seasonal_naive,chronos_base_cov,-7.645934384697517,2.7676401405030426e-12,-2.2008626699543914,seasonal_naive,True,1.1465937724941177e-11,True
mumbai,seasonal_naive,timesfm,2.4563046477790604,0.015235172964826552,0.5960927857293022,timesfm,True,0.03398615507538231,True
mumbai,seasonal_naive,timesfm_cov,-7.438607829048326,8.631667426083514e-12,-2.313461923676502,seasonal_naive,True,3.575976505091741e-11,True
mumbai,lgbm_direct,chronos,-1.8429575121908799,0.06740578237807958,-0.20294998597701602,lgbm_direct,False,0.2171964098849231,False
mumbai,lgbm_direct,chronos_cov,-16.126254039528707,5.4944731873536675e-34,-3.0051062461409574,lgbm_direct,True,3.186794448665127e-33,True
mumbai,lgbm_direct,chronos_base,-2.205839022842873,0.02899143013034404,-0.24132117806143447,lgbm_direct,True,0.2802504912599924,False
mumbai,lgbm_direct,chronos_base_cov,-17.17076285095705,1.4479659955464713e-36,-3.0611869266884466,lgbm_direct,True,1.0497753467711917e-35,True
mumbai,lgbm_direct,timesfm,-2.6308758820591245,0.009450123339745016,-0.2642314710047531,lgbm_direct,True,0.16431682260801256,False
mumbai,lgbm_direct,timesfm_cov,-17.984134548924352,1.5490144724234583e-38,-3.173786180410558,lgbm_direct,True,7.486903283380048e-38,True
mumbai,chronos,chronos_cov,-15.310355698166248,6.162255575512958e-32,-2.8021562601639416,chronos,True,3.574108233797516e-31,True
mumbai,chronos,chronos_base,-1.1632872642570762,0.24665041433440893,-0.0383711920844184,chronos,False,0.7799225723798618,False
mumbai,chronos,chronos_base_cov,-14.995729403266235,3.8701484171320702e-31,-2.8582369407114303,chronos,True,2.2446860819366007e-30,True
mumbai,chronos,timesfm,-0.5372757554577214,0.5919121934047814,-0.06128148502773708,chronos,False,0.7474418219397553,False
mumbai,chronos,timesfm_cov,-17.33626328477081,5.715090854191981e-37,-2.970836194433542,chronos,True,3.314752695431349e-36,True
mumbai,chronos_cov,chronos_base,14.503452344026805,6.982030944623255e-30,2.763785068079523,chronos_base,True,4.0495779478814874e-29,True
mumbai,chronos_cov,chronos_base_cov,-1.0444544659237918,0.2980375551808373,-0.05608068054748906,chronos_cov,False,0.4801716166802379,False
mumbai,chronos_cov,timesfm,23.265554127200097,1.8224869589305713e-50,2.7408747751362044,timesfm,True,2.6426060904493283e-49,True
mumbai,chronos_cov,timesfm_cov,-6.705046677199181,4.3282966430964354e-10,-0.16867993426960026,chronos_cov,True,1.2552060264979663e-08,True
mumbai,chronos_base,chronos_base_cov,-14.700125969786392,2.192830482682297e-30,-2.819865748627012,chronos_base,True,1.271841679955732e-29,True
mumbai,chronos_base,timesfm,-0.18013579948864158,0.8573009785421934,-0.022910292943318675,chronos_base,False,0.9433143325558851,False
mumbai,chronos_base,timesfm_cov,-16.26305986790709,2.5069565368257206e-34,-2.9324650023491237,chronos_base,True,1.0385962795420842e-33,True
mumbai,chronos_base_cov,timesfm,21.93053132435555,1.356931578130478e-47,2.7969554556836935,timesfm,True,1.3117005255261288e-46,True
mumbai,chronos_base_cov,timesfm_cov,-1.8115079932599163,0.07216079529261543,-0.11259925372211121,chronos_base_cov,False,0.14947593310613197,False
mumbai,timesfm,timesfm_cov,-27.12398457263852,3.041245089469836e-58,-2.9095547094058047,timesfm,True,8.819610759462524e-57,True
nairobi,seasonal_naive,lgbm_direct,2.585654168767439,0.010719049339872031,0.38506780273101526,lgbm_direct,True,0.020723495390419257,True
nairobi,seasonal_naive,chronos,2.740019693005458,0.006926881771977475,0.3799174785614013,chronos,True,0.020087957138734677,True
nairobi,seasonal_naive,chronos_cov,-12.858521234639097,1.250309431750337e-25,-2.307428604254947,seasonal_naive,True,1.8129486760379888e-24,True
nairobi,seasonal_naive,chronos_base,2.72585927738307,0.007215481145168936,0.3576451500256855,chronos_base,True,0.01902263210999083,True
nairobi,seasonal_naive,chronos_base_cov,-13.353346842727493,6.46068182151899e-27,-2.3389948831735725,seasonal_naive,True,9.367988641202535e-26,True
nairobi,seasonal_naive,timesfm,2.4760506844002217,0.014451260976595154,0.2796491569942897,timesfm,True,0.03398615507538231,True
nairobi,seasonal_naive,timesfm_cov,-12.440789467192353,1.53668107814062e-24,-2.287413477554054,seasonal_naive,True,1.1140937816519494e-23,True
nairobi,lgbm_direct,chronos,-0.12545755333811645,0.9003375319945851,-0.005150324169614005,lgbm_direct,False,0.9003375319945851,False
nairobi,lgbm_direct,chronos_cov,-16.96140236179802,4.71477254882666e-36,-2.692496406985962,lgbm_direct,True,3.4182100978993285e-35,True
nairobi,lgbm_direct,chronos_base,-0.4690009479142696,0.6397831913091978,-0.027422652705329842,lgbm_direct,False,0.6982389403823348,False
nairobi,lgbm_direct,chronos_base_cov,-17.043718412162573,2.9622121445308238e-36,-2.7240626859045878,lgbm_direct,True,1.7180830438278777e-35,True
nairobi,lgbm_direct,timesfm,-1.1323290599094025,0.2593912272025055,-0.1054186457367256,lgbm_direct,False,0.57864196837482,False
nairobi,lgbm_direct,timesfm_cov,-17.723183958438085,6.585503432578384e-38,-2.6724812802850697,lgbm_direct,True,2.7282799934967588e-37,True
nairobi,chronos,chronos_cov,-18.490116584172902,9.583894999411536e-40,-2.6873460828163482,chronos,True,6.948323874573364e-39,True
nairobi,chronos,chronos_base,-0.7900588521582448,0.43080157025802635,-0.022272328535715837,chronos,False,0.7799225723798618,False
nairobi,chronos,chronos_base_cov,-18.652396439388475,3.9521182435326116e-40,-2.718912361734974,chronos,True,2.8652857265611435e-39,True
nairobi,chronos,timesfm,-1.0134058249801536,0.31257796333486787,-0.1002683215671116,chronos,False,0.6972893028239361,False
nairobi,chronos,timesfm_cov,-18.25523900004599,3.474152680624634e-39,-2.667330956115455,chronos,True,2.51876069345286e-38,True
nairobi,chronos_cov,chronos_base,19.18117090435129,2.2548287397761181e-41,2.665073754280632,chronos_base,True,2.1796677817835806e-40,True
nairobi,chronos_cov,chronos_base_cov,-1.2679134961561052,0.20688937072753683,-0.03156627891862564,chronos_cov,False,0.4313517914862942,False
nairobi,chronos_cov,timesfm,15.491779982845058,2.14506724271915e-32,2.5870777612492364,timesfm,True,1.0367825006475893e-31,True
nairobi,chronos_cov,timesfm_cov,0.41251893098795245,0.6805769043224883,0.020015126700892536,timesfm_cov,False,0.7894692090140865,False
nairobi,chronos_base,chronos_base_cov,-19.450416704789006,5.3168016471225504e-42,-2.696640033199258,chronos_base,True,5.139574925551799e-41,True
nairobi,chronos_base,timesfm,-0.7126375808866074,0.4772312503992153,-0.07799599303139576,chronos_base,False,0.7284055927145918,False
nairobi,chronos_base,timesfm_cov,-18.115306813925624,7.506832287692254e-39,-2.64505862757974,chronos_base,True,5.442453408576884e-38,True
nairobi,chronos_base_cov,timesfm,16.422327681461873,1.0081330840867302e-34,2.618644040167862,timesfm,True,4.87264323975253e-34,True
nairobi,chronos_base_cov,timesfm_cov,0.931200567118554,0.3533192617630695,0.05158140561951817,timesfm_cov,False,0.4879170757680483,False
nairobi,timesfm,timesfm_cov,-16.891484315669366,7.00113631473713e-36,-2.567062634548344,timesfm,True,4.0477718567641166e-35,True
new_york,seasonal_naive,lgbm_direct,1.7122731067971875,0.08901397548192179,1.4116107106320157,lgbm_direct,False,0.12033959151552821,False
new_york,seasonal_naive,chronos,1.4977571959765434,0.13640047057881016,1.3106348223156399,chronos,False,0.1582245458714198,False
new_york,seasonal_naive,chronos_cov,-2.534145529045893,0.012349236569755173,-1.8936123363081485,seasonal_naive,True,0.017906393026145002,True
new_york,seasonal_naive,chronos_base,1.5160345491995277,0.13171804566199524,1.3750494956970216,chronos_base,False,0.15279293296791446,False
new_york,seasonal_naive,chronos_base_cov,-2.3805330515037437,0.018605748255333822,-1.779710405993339,seasonal_naive,True,0.026978334970234042,True
new_york,seasonal_naive,timesfm,1.7958540580844833,0.07462915102026713,1.4416456752353246,timesfm,False,0.10821226897938734,False
new_york,seasonal_naive,timesfm_cov,-2.621311047750974,0.009706632196811728,-1.9078671080012137,seasonal_naive,True,0.014815385984607375,True
new_york,lgbm_direct,chronos,-0.4863023856952202,0.6274972129004639,-0.10097588831637566,lgbm_direct,False,0.6739784879301278,False
new_york,lgbm_direct,chronos_cov,-6.650454870031595,5.748686302197091e-10,-3.3052230469401644,lgbm_direct,True,1.1114126850914374e-09,True
new_york,lgbm_direct,chronos_base,-0.1822440854556787,0.8556492741509905,-0.036561214934994105,lgbm_direct,False,0.8862081767992401,False
new_york,lgbm_direct,chronos_base_cov,-5.790278090388791,4.282854533697853e-08,-3.191321116625355,lgbm_direct,True,6.900154526513207e-08,True
new_york,lgbm_direct,timesfm,0.2344896882275627,0.8149402473940028,0.030034964603308886,timesfm,False,0.9432835043985899,False
new_york,lgbm_direct,timesfm_cov,-6.186394399073018,6.118608527633193e-09,-3.3194778186332297,lgbm_direct,True,9.338928805334874e-09,True
new_york,chronos,chronos_cov,-4.924946516194201,2.298996569686933e-06,-3.2042471586237884,chronos,True,3.3335450260460528e-06,True
new_york,chronos,chronos_base,0.7119135878949322,0.47767811337894606,0.06441467338138157,chronos_base,False,0.7799225723798618,False
new_york,chronos,chronos_base_cov,-4.375541504399708,2.321255199261565e-05,-3.090345228308979,chronos,True,3.0598363990266084e-05,True
new_york,chronos,timesfm,0.6884006943588129,0.49231574606539696,0.13101085291968456,timesfm,False,0.7474418219397553,False
new_york,chronos,timesfm_cov,-4.645433232870776,7.624985480365492e-06,-3.2185019303168536,chronos,True,1.1638135733189436e-05,True
new_york,chronos_cov,chronos_base,5.268941050830957,4.946743075470028e-07,3.2686618320051704,chronos_base,True,7.550292062559517e-07,True
new_york,chronos_cov,chronos_base_cov,1.5187709958846416,0.13102796789419074,0.11390193031480964,chronos_base_cov,False,0.34853325087809744,False
new_york,chronos_cov,timesfm,6.112269870107206,8.853347392930052e-09,3.3352580115434733,timesfm,True,1.2837353719748576e-08,True
new_york,chronos_cov,timesfm_cov,-0.2028524508245853,0.8395387019072253,-0.014254771693065204,chronos_cov,False,0.9358855415337873,False
new_york,chronos_base,chronos_base_cov,-4.631825156179599,8.073804981885642e-06,-3.1547599016903605,chronos_base,True,1.1707017223734181e-05,True
new_york,chronos_base,timesfm,0.3224143492806752,0.7476097061556701,0.06659617953830299,timesfm,False,0.9033617282714347,False
new_york,chronos_base,timesfm_cov,-4.940806125368778,2.1448897017882093e-06,-3.282916603698235,chronos_base,True,3.1100900675929033e-06,True
new_york,chronos_base_cov,timesfm,5.4257887725015586,2.4038954373201893e-07,3.221356081228664,timesfm,True,3.3196651277278805e-07,True
new_york,chronos_base_cov,timesfm_cov,-2.5133780851729752,0.013066973937282596,-0.12815670200787485,chronos_base_cov,True,0.054134606311599325,False
new_york,timesfm,timesfm_cov,-5.803814059401996,4.012091090837218e-08,-3.349512783236538,timesfm,True,6.123717980751543e-08,True
paris,seasonal_naive,lgbm_direct,0.27129025927035083,0.7865590291026946,0.16245403938598352,lgbm_direct,False,0.7865590291026947,False
paris,seasonal_naive,chronos,2.5918070955027983,0.010537843383719115,0.9107819517453513,chronos,True,0.02546645484398786,True
paris,seasonal_naive,chronos_cov,-1.7188353050214666,0.08780837362222117,-1.275382596835883,seasonal_naive,False,0.11071490587149625,False
paris,seasonal_naive,chronos_base,2.66457963404344,0.008594235039307122,0.8188224123583899,chronos_base,True,0.02076940134499221,True
paris,seasonal_naive,chronos_base_cov,-1.667941956488777,0.09751557960898719,-1.1602919269883547,seasonal_naive,False,0.11783132536085951,False
paris,seasonal_naive,timesfm,1.0659931355007022,0.28822323742970324,0.4768866353564793,timesfm,False,0.30957310686894046,False
paris,seasonal_naive,timesfm_cov,-1.83666787974743,0.068335322123389,-1.2926180482264742,seasonal_naive,False,0.09007837916264914,False
paris,lgbm_direct,chronos,2.108940586163842,0.036692712524156706,0.7483279123593677,chronos,True,0.15345269850705648,False
paris,lgbm_direct,chronos_cov,-3.2109214238429105,0.0016342527711110798,-1.4378366362218666,lgbm_direct,True,0.001974722098425888,True
paris,lgbm_direct,chronos_base,1.5004929315938045,0.13569146026719267,0.6563683729724065,chronos_base,False,0.33339634340620916,False
paris,lgbm_direct,chronos_base_cov,-3.1097035319386404,0.0022606881200084613,-1.3227459663743382,lgbm_direct,True,0.0027316648116768906,True
paris,lgbm_direct,timesfm,1.0101337345338608,0.31413737283870746,0.3144325959704958,timesfm,False,0.6263227146511744,False
paris,lgbm_direct,timesfm_cov,-4.316651459200029,2.9417662447144126e-05,-1.4550720876124577,lgbm_direct,True,3.5546342123632486e-05,True
paris,chronos,chronos_cov,-3.544965879562263,0.000531089045504852,-2.186164548581234,chronos,True,0.0006417325966516963,True
paris,chronos,chronos_base,-0.7179443721576797,0.4739628606656894,-0.09195953938696122,chronos,False,0.7799225723798618,False
paris,chronos,chronos_base_cov,-3.573700595558311,0.0004803422582045031,-2.071073878733706,chronos,True,0.0005571970195172236,True
paris,chronos,timesfm,-1.4100776135965642,0.16068812784282235,-0.4338953163888719,chronos,False,0.5608708396690505,False
paris,chronos,timesfm_cov,-4.0777861056989755,7.516746603643292e-05,-2.2033999999718255,chronos,True,9.477637021985021e-05,True
paris,chronos_cov,chronos_base,3.3982281839165696,0.0008788525731182024,2.094205009194273,chronos_base,True,0.0011081184617577333,True
paris,chronos_cov,chronos_base_cov,1.115783003709476,0.266386513845395,0.1150906698475283,chronos_base_cov,False,0.4801716166802379,False
paris,chronos_cov,timesfm,4.709296169840482,5.821378615719881e-06,1.7522692321923623,timesfm,True,7.339999124168547e-06,True
paris,chronos_cov,timesfm_cov,-0.1093961314009619,0.9130416675229547,-0.017235451390591336,chronos_cov,False,0.9456502985059173,False
paris,chronos_base,chronos_base_cov,-3.4523395382768878,0.0007311883797664401,-1.9791143393467447,chronos_base,True,0.0009151005341760853,True
paris,chronos_base,timesfm,-1.0696438030992297,0.2865818492439436,-0.34193577700191075,chronos_base,False,0.6392979713903357,False
paris,chronos_base,timesfm_cov,-3.8208437214949686,0.00019771754499649618,-2.1114404605848645,chronos_base,True,0.00024929603499558215,True
paris,chronos_base_cov,timesfm,4.750018806308203,4.894802302066617e-06,1.637178562344834,timesfm,True,6.452239398178723e-06,True
paris,chronos_base_cov,timesfm_cov,-0.7840635277180745,0.43429965203460874,-0.13232612123811963,chronos_base_cov,False,0.5724859049547115,False
paris,timesfm,timesfm_cov,-5.225090682415529,6.038533071292398e-07,-1.7695046835829535,timesfm,True,7.959884503067254e-07,True
santiago,seasonal_naive,lgbm_direct,2.121473847928426,0.03560650080526854,1.367596622389629,lgbm_direct,True,0.06031668784574426,False
santiago,seasonal_naive,chronos,0.856539367165605,0.3931325719383979,0.7105666240056355,chronos,False,0.40717302093619784,False
santiago,seasonal_naive,chronos_cov,-2.910663016089582,0.0041846480592013955,-2.5448918594600727,seasonal_naive,True,0.007138517277461204,True
santiago,seasonal_naive,chronos_base,0.9433838301985459,0.34707573017497684,0.6950794484880236,chronos_base,False,0.35947129196694033,False
santiago,seasonal_naive,chronos_base_cov,-2.9576906818924957,0.003627813733310821,-2.7249569478737197,seasonal_naive,True,0.0061886234274125766,True
santiago,seasonal_naive,timesfm,0.956735735972218,0.3403153143590454,0.778760776254866,timesfm,False,0.3524694327290113,False
santiago,seasonal_naive,timesfm_cov,-3.008813002517378,0.003100331493352007,-2.633473743136234,seasonal_naive,True,0.005619350831700513,True
santiago,lgbm_direct,chronos,-1.2629514174556822,0.20866207807550236,-0.6570299983839933,lgbm_direct,False,0.4837050363233789,False
santiago,lgbm_direct,chronos_cov,-6.141229896931628,7.66552719116146e-09,-3.9124884818497017,lgbm_direct,True,1.3076487561393078e-08,True
santiago,lgbm_direct,chronos_base,-1.4683362718925732,0.14420914874997812,-0.6725171739016054,lgbm_direct,False,0.33339634340620916,False
santiago,lgbm_direct,chronos_base_cov,-5.480529569185408,1.8630912343721858e-07,-4.092553570263348,lgbm_direct,True,2.60420448779068e-07,True
santiago,lgbm_direct,timesfm,-1.377670764130404,0.17045720254583363,-0.588835846134763,lgbm_direct,False,0.4493871703481069,False
santiago,lgbm_direct,timesfm_cov,-6.889027535314761,1.6497558046804835e-10,-4.001070365525862,lgbm_direct,True,2.814289313866707e-10,True
santiago,chronos,chronos_cov,-7.469122317553786,7.306883675974186e-12,-3.255458483465708,chronos,True,1.4126641773550094e-11,True
santiago,chronos,chronos_base,-0.050113577403204365,0.9601018095084453,-0.015487175517612028,chronos,False,0.9676916715981103,False
santiago,chronos,chronos_base_cov,-6.847336594463922,2.0549979203018423e-10,-3.4355235718793553,chronos,True,3.9729959792502285e-10,True
santiago,chronos,timesfm,0.12914831060175183,0.8974217668082615,0.0681941522492303,timesfm,False,0.9294725441942708,False
santiago,chronos,timesfm_cov,-8.742851016028684,5.6219697582465975e-15,-3.344040367141869,chronos,True,1.2541317153011641e-14,True
santiago,chronos_cov,chronos_base,5.846863384094285,3.257756062204423e-08,3.239971307948096,chronos_base,True,5.5573485767016626e-08,True
santiago,chronos_cov,chronos_base_cov,-1.2641334330928264,0.20823879588993516,-0.18006508841364724,chronos_cov,False,0.4313517914862942,False
santiago,chronos_cov,timesfm,4.800584970186912,3.941447841372339e-06,3.323652635714938,timesfm,True,5.195544881808992e-06,True
santiago,chronos_cov,timesfm_cov,-0.8653058494437612,0.3883202793234941,-0.08858188367616084,chronos_cov,False,0.5656792905770077,False
santiago,chronos_base,chronos_base_cov,-5.4168440932765245,2.50574948424024e-07,-3.420036396361743,chronos_base,True,4.0370408357203865e-07,True
santiago,chronos_base,timesfm,0.21022710926108604,0.8337896639913729,0.08368132776684235,timesfm,False,0.9433143325558851,False
santiago,chronos_base,timesfm_cov,-6.420102188049508,1.8798748025039244e-09,-3.328553191624257,chronos_base,True,3.407273079538363e-09,True
santiago,chronos_base_cov,timesfm,4.469992364436802,1.5802952427624644e-05,3.5037177241285855,timesfm,True,1.9925461756570202e-05,True
santiago,chronos_base_cov,timesfm_cov,0.43400796038175715,0.6649367560314872,0.0914832047374864,timesfm_cov,False,0.7315817806785019,False
santiago,timesfm,timesfm_cov,-5.268767318555468,4.950663224163913e-07,-3.4122345193910992,timesfm,True,7.083681610696628e-07,True
seoul,seasonal_naive,lgbm_direct,7.862461643683843,8.3295842721868e-13,2.3312923528635903,lgbm_direct,True,1.207789719467086e-11,True
seoul,seasonal_naive,chronos,4.533688240181448,1.2155477938182072e-05,2.002658483717177,chronos,True,5.0358408601040015e-05,True
seoul,seasonal_naive,chronos_cov,-1.5203144073550638,0.1306400014869538,-1.155101827810361,seasonal_naive,False,0.1578566684634025,False
seoul,seasonal_naive,chronos_base,5.114947791160819,9.91972183323957e-07,2.1548258357577854,chronos_base,True,4.794532219399126e-06,True
seoul,seasonal_naive,chronos_base_cov,-1.805580093316477,0.07308745697198572,-1.4224301166304159,seasonal_naive,False,0.09215375009511244,False
seoul,seasonal_naive,timesfm,5.880648341673196,2.764830552352919e-08,2.367302229669359,timesfm,True,2.672669533941155e-07,True
seoul,seasonal_naive,timesfm_cov,-0.9283137490410309,0.35480911675449844,-0.6601511899837536,seasonal_naive,False,0.4115785754352182,False
seoul,lgbm_direct,chronos,-0.858557384940823,0.39202157360859435,-0.32863386914641335,lgbm_direct,False,0.5684312817324618,False
seoul,lgbm_direct,chronos_cov,-5.925423788343795,2.2227301452446634e-08,-3.4863941806739516,lgbm_direct,True,3.3925881164260647e-08,True
seoul,lgbm_direct,chronos_base,-0.45460255752891005,0.6500845307007945,-0.1764665171058047,lgbm_direct,False,0.6982389403823348,False
seoul,lgbm_direct,chronos_base_cov,-5.8075988367403975,3.939432333960521e-08,-3.753722469494006,lgbm_direct,True,6.720208099109124e-08,True
seoul,lgbm_direct,timesfm,0.10465868394375147,0.9167932986206219,0.03600987680576891,timesfm,False,0.9432835043985899,False
seoul,lgbm_direct,timesfm_cov,-5.503813117719511,1.6709211212171748e-07,-2.991443542847344,lgbm_direct,True,2.2025778416044575e-07,True
seoul,chronos,chronos_cov,-7.554137614799867,4.586650987019424e-12,-3.1577603115275377,chronos,True,9.500919901683092e-12,True
seoul,chronos,chronos_base,1.0911298295122898,0.27705081546821964,0.15216735204060872,chronos_base,False,0.7799225723798618,False
seoul,chronos,chronos_base_cov,-8.102401399154607,2.170613584816354e-13,-3.4250886003475927,chronos,True,4.4962709971195906e-13,True
seoul,chronos,timesfm,2.293277230254856,0.023289950650270248,0.3646437459521823,timesfm,True,0.1688521422144593,False
seoul,chronos,timesfm_cov,-6.279727305278877,3.829673575888784e-09,-2.662809673700931,chronos,True,6.532972570633809e-09,True
seoul,chronos_cov,chronos_base,6.460610666769347,1.5286245706630201e-09,3.3099276635681463,chronos_base,True,2.9553408366151723e-09,True
seoul,chronos_cov,chronos_base_cov,-1.0669999587171177,0.2877699180690451,-0.26732828882005477,chronos_cov,False,0.4801716166802379,False
seoul,chronos_cov,timesfm,8.125057807974258,1.91037215378242e-13,3.5224040574797204,timesfm,True,3.9571994614064413e-13,True
seoul,chronos_cov,timesfm_cov,3.01893893339688,0.003004628935709781,0.4949506378266075,timesfm_cov,True,0.02178355978389591,True
seoul,chronos_base,chronos_base_cov,-7.427025485348664,9.19452992424773e-12,-3.5772559523882013,chronos_base,True,2.0510874446398783e-11,True
seoul,chronos_base,timesfm,1.4480139274750148,0.14980211722554435,0.21247639391157358,timesfm,False,0.4963613617524047,False
seoul,chronos_base,timesfm_cov,-5.437487872916804,2.2767578751374393e-07,-2.814977025741539,chronos_base,True,3.4750514936308284e-07,True
seoul,chronos_base_cov,timesfm,8.96475874084976,1.5559215709667147e-15,3.789732346299775,timesfm,True,3.2229803970024805e-15,True
seoul,chronos_base_cov,timesfm_cov,1.9574825976320596,0.052237950081715466,0.7622789266466623,timesfm_cov,False,0.12602572479763358,False
seoul,timesfm,timesfm_cov,-7.063687183657829,6.529941508929483e-11,-3.0274534196531127,timesfm,True,1.1139311985820883e-10,True
sydney,seasonal_naive,lgbm_direct,1.6692161712981275,0.09726237322382705,1.2664661642841355,lgbm_direct,False,0.12054529042514533,False
sydney,seasonal_naive,chronos,2.102240770591378,0.03728497447970369,1.0416489190525478,chronos,True,0.05690864525849511,False
sydney,seasonal_naive,chronos_cov,0.08241073449040559,0.9344353413973889,0.04723381161887483,chronos_cov,False,0.9412653374237526,False
sydney,seasonal_naive,chronos_base,1.7709358893972496,0.07870179389477486,0.8622473160425821,chronos_base,False,0.10488093557058552,False
sydney,seasonal_naive,chronos_base_cov,0.1739640196102476,0.8621397696725078,0.10105989976567144,chronos_base_cov,False,0.8621397696725078,False
sydney,seasonal_naive,timesfm,2.070940555027508,0.0401620476301851,0.8926618682013616,timesfm,True,0.06470552118196488,False
sydney,seasonal_naive,timesfm_cov,0.04676794212215074,0.9627634298492223,0.025918286813767042,timesfm_cov,False,0.9627634298492223,False
sydney,lgbm_direct,chronos,-0.5633875601848249,0.5740533646786113,-0.22481724523158755,lgbm_direct,False,0.6402902913722972,False
sydney,lgbm_direct,chronos_cov,-1.5035135514030888,0.1349119622323825,-1.2192323526652609,lgbm_direct,False,0.1449054409162627,False
sydney,lgbm_direct,chronos_base,-0.9314600610061409,0.35318553590822765,-0.40421884824155324,lgbm_direct,False,0.5978296906020807,False
sydney,lgbm_direct,chronos_base_cov,-1.4253334443065262,0.15623990014369346,-1.165406264518464,lgbm_direct,False,0.1618198965773968,False
sydney,lgbm_direct,timesfm,-0.8644375313969422,0.3887953117785584,-0.3738042960827737,lgbm_direct,False,0.6632390612693055,False
sydney,lgbm_direct,timesfm_cov,-1.5304045689003867,0.1281257902114708,-1.2405478774703682,lgbm_direct,False,0.1327017112904519,False
sydney,chronos,chronos_cov,-1.3772898794248978,0.17057463689434982,-0.9944151074336731,chronos,False,0.17666658821200515,False
sydney,chronos,chronos_base,-1.6040253910793476,0.11091482267705097,-0.17940160300996572,chronos,False,0.7799225723798618,False
sydney,chronos,chronos_base_cov,-1.2901381037193584,0.19908506049997918,-0.9405890192868765,chronos,False,0.2061952412321213,False
sydney,chronos,timesfm,-0.8175843605796965,0.4149547053690732,-0.14898705085118616,chronos,False,0.7474418219397553,False
sydney,chronos,timesfm_cov,-1.4230051976315612,0.15691259042199884,-1.015730632238781,chronos,False,0.1625166115084988,False
sydney,chronos_cov,chronos_base,1.1345205850882312,0.25847443223187494,0.8150135044237073,chronos_base,False,0.2677056619544419,False
sydney,chronos_cov,chronos_base_cov,1.8378450497453938,0.06816054356971955,0.053826088146796604,chronos_base_cov,False,0.28237939478883817,False
sydney,chronos_cov,timesfm,1.423892827683835,0.15665587005769246,0.8454280565824869,timesfm,False,0.1594999140461061,False
sydney,chronos_cov,timesfm_cov,-0.5935610655733123,0.553743432347626,-0.021315524805107774,chronos_cov,False,0.6691066474200481,False
sydney,chronos_base,chronos_base_cov,-1.0482468964654599,0.2962933235369579,-0.7611874162769108,chronos_base,False,0.3068752279489921,False
sydney,chronos_base,timesfm,0.1502101491998588,0.8808104817869427,0.030414552158779553,timesfm,False,0.9433143325558851,False
sydney,chronos_base,timesfm_cov,-1.174063580300002,0.24232114136028995,-0.8363290292288152,chronos_base,False,0.2509754678374432,False
sydney,chronos_base_cov,timesfm,1.3272312209179804,0.1865473589197516,0.7916019684356903,timesfm,False,0.1865473589197516,False
sydney,chronos_base_cov,timesfm_cov,-2.071230937408125,0.04013450540080662,-0.07514161295190439,chronos_base_cov,True,0.11964532670874654,False
sydney,timesfm,timesfm_cov,-1.4848194959928942,0.13979269519099446,-0.8667435813875948,timesfm,False,0.14478529144781568,False
toronto,seasonal_naive,lgbm_direct,4.1333867216327995,6.0621997505654656e-05,1.6608428384427993,lgbm_direct,True,0.00021975474095799812,True
toronto,seasonal_naive,chronos,2.1574738708370673,0.03263934457677336,1.254447412490845,chronos,True,0.05258561070702375,False
toronto,seasonal_naive,chronos_cov,-5.407957738386241,2.6111059899673727e-07,-3.9283610673354343,seasonal_naive,True,7.140222550503139e-07,True
toronto,seasonal_naive,chronos_base,2.006807175384855,0.04665525182409385,1.2222726133134634,chronos_base,True,0.07516679460548453,False
toronto,seasonal_naive,chronos_base_cov,-6.585521007562073,8.045040604453028e-10,-3.940013943307615,seasonal_naive,True,2.5922908614348648e-09,True
toronto,seasonal_naive,timesfm,2.5279353690963466,0.012560074312419628,1.2111383623547025,timesfm,True,0.03311292318728811,True
toronto,seasonal_naive,timesfm_cov,-4.61072581467154,8.820554755318258e-06,-3.385803393888552,seasonal_naive,True,2.325418980947541e-05,True
toronto,lgbm_direct,chronos,-0.5792918421332379,0.5633037153145369,-0.40639542595195466,lgbm_direct,False,0.6402902913722972,False
toronto,lgbm_direct,chronos_cov,-9.878798643646178,7.248666740181693e-18,-5.589203905778234,lgbm_direct,True,1.9110121405933553e-17,True
toronto,lgbm_direct,chronos_base,-0.6016681452578516,0.5483477439390532,-0.4385702251293364,lgbm_direct,False,0.6887447437823693,False
toronto,lgbm_direct,chronos_base_cov,-12.873484143107707,1.1429804381111354e-25,-5.600856781750415,lgbm_direct,True,3.682936967246992e-25,True
toronto,lgbm_direct,timesfm,-0.7190767324742492,0.4732670662967018,-0.4497044760880971,lgbm_direct,False,0.7223549959265448,False
toronto,lgbm_direct,timesfm_cov,-7.827108194216447,1.014241414904869e-12,-5.0466462323313515,lgbm_direct,True,2.100928645160086e-12,True
toronto,chronos,chronos_cov,-4.596406858739857,9.364862724357594e-06,-5.18280847982628,chronos,True,1.293242947649382e-05,True
toronto,chronos,chronos_base,-0.46092626689937316,0.6455517505673276,-0.032174799177381676,chronos,False,0.8139565550631522,False
toronto,chronos,chronos_base_cov,-5.4955944436255955,1.7364324969306675e-07,-5.1944613557984605,chronos,True,2.797585689499409e-07,True
toronto,chronos,timesfm,-0.3127351778096823,0.754937478712256,-0.043309050136142314,chronos,False,0.8340782034443982,False
toronto,chronos,timesfm_cov,-4.306327670895137,3.0658182532831965e-05,-4.640250806379396,chronos,True,4.4454364672606347e-05,True
toronto,chronos_cov,chronos_base,4.416238504363978,1.9681977214218647e-05,5.150633680648898,chronos_base,True,2.853886696061704e-05,True
toronto,chronos_cov,chronos_base_cov,-0.05437900987195029,0.9567091000410123,-0.011652875972180541,chronos_cov,False,0.9719745630190691,False
toronto,chronos_cov,timesfm,5.083659376609206,1.1408068952774555e-06,5.1394994296901375,timesfm,True,1.5753999982402958e-06,True
toronto,chronos_cov,timesfm_cov,2.557345960383907,0.01158931752104989,0.5425576734468829,timesfm_cov,True,0.058558856465081695,False
toronto,chronos_base,chronos_base_cov,-5.234232078880804,5.793118341871812e-07,-5.162286556621079,chronos_base,True,8.842127995488556e-07,True
toronto,chronos_base,timesfm,-0.05867916134842079,0.9532895774032903,-0.011134250958760639,chronos_base,False,0.9532895774032903,False
toronto,chronos_base,timesfm_cov,-4.1115581307662,6.597867411739039e-05,-4.608076007202015,chronos_base,True,9.111340711449149e-05,True
toronto,chronos_base_cov,timesfm,6.198491915336017,5.759273798295444e-09,5.151152305662318,timesfm,True,8.790470534240414e-09,True
toronto,chronos_base_cov,timesfm_cov,2.7739660945769806,0.006277218101606628,0.5542105494190634,timesfm_cov,True,0.03640786498931844,True
toronto,timesfm,timesfm_cov,-4.810133259581365,3.7828417598512685e-06,-4.596941756243254,timesfm,True,4.76967004502986e-06,True
vienna,seasonal_naive,lgbm_direct,5.18238699192528,7.325688666269619e-07,1.9030307678858018,lgbm_direct,True,3.540749522030316e-06,True
vienna,seasonal_naive,chronos,5.7489480793718775,5.22517017103082e-08,2.436083017455207,chronos,True,3.030598699197876e-07,True
vienna,seasonal_naive,chronos_cov,-3.290468468755687,0.0012596959088809914,-2.214139775681295,seasonal_naive,True,0.00243541209050325,True
vienna,seasonal_naive,chronos_base,6.074967154246315,1.065274179740768e-08,2.363629044426812,chronos_base,True,1.0297650404160758e-07,True
vienna,seasonal_naive,chronos_base_cov,-3.9212862267218584,0.00013619163823436355,-2.2757440518878536,seasonal_naive,True,0.0003291297923997119,True
vienna,seasonal_naive,timesfm,3.634275150725384,0.0003879495771726926,1.858637407090929,timesfm,True,0.0014063172172510108,True
vienna,seasonal_naive,timesfm_cov,-3.1313062829579295,0.0021107709092017144,-1.8957306440483848,seasonal_naive,True,0.004080823757789982,True
vienna,lgbm_direct,chronos,3.3277191465637737,0.0011133530711979688,0.5330522495694051,chronos,True,0.0322872390647411,True
vienna,lgbm_direct,chronos_cov,-9.294713070654819,2.2696683526039623e-16,-4.117170543567097,lgbm_direct,True,5.063106325039608e-16,True
vienna,lgbm_direct,chronos_base,3.8652734561903626,0.00016780302847135177,0.4605982765410102,chronos_base,True,0.004866287825669202,True
vienna,lgbm_direct,chronos_base_cov,-11.646153827600303,1.8342299633822326e-22,-4.178774819773656,lgbm_direct,True,5.319266893808475e-22,True
vienna,lgbm_direct,timesfm,-0.158917326272316,0.8739582292057717,-0.044393360794872994,lgbm_direct,False,0.9432835043985899,False
vienna,lgbm_direct,timesfm_cov,-9.266059543022832,2.684393499395578e-16,-3.798761411934186,lgbm_direct,True,6.487284290205981e-16,True
vienna,chronos,chronos_cov,-10.901721778643212,1.6127544064947873e-20,-4.6502227931365026,chronos,True,3.897489815695736e-20,True
vienna,chronos,chronos_base,-0.6589559151278093,0.5109837543178405,-0.07245397302839492,chronos,False,0.7799225723798618,False
vienna,chronos,chronos_base_cov,-13.973479414157392,1.606730265965099e-28,-4.7118270693430615,chronos,True,6.656453958998267e-28,True
vienna,chronos,timesfm,-3.371638724799621,0.000961247144050168,-0.5774456103642781,chronos,True,0.02787616717745487,True
vienna,chronos,timesfm_cov,-10.316626806571378,5.356288381441558e-19,-4.331813661503592,chronos,True,1.2944363588483767e-18,True
vienna,chronos_cov,chronos_base,10.686477852010286,5.864021226786022e-20,4.577768820108108,chronos_base,True,1.8895179508532736e-19,True
vienna,chronos_cov,chronos_base_cov,-0.5969857920269352,0.5514608939168986,-0.061604276206558804,chronos_cov,False,0.6663485801495858,False
vienna,chronos_cov,timesfm,8.999424792368124,1.2720439127540327e-15,4.072777182772224,timesfm,True,2.837636420758996e-15,True
vienna,chronos_cov,timesfm_cov,2.4842909736684806,0.014134896388123168,0.31840913163291085,timesfm_cov,True,0.058558856465081695,False
vienna,chronos_base,chronos_base_cov,-13.709017441315085,7.7419419273641515e-28,-4.639373096314666,chronos_base,True,3.207375941336577e-27,True
vienna,chronos_base,timesfm,-2.225566033699987,0.027608562831315173,-0.5049916373358833,chronos_base,True,0.26688277403604665,False
vienna,chronos_base,timesfm_cov,-10.602840108556821,9.677474579792406e-20,-4.259359688475197,chronos_base,True,2.551334207399816e-19,True
vienna,chronos_base_cov,timesfm,11.41322444687119,7.4526493957394295e-22,4.134381458978783,timesfm,True,1.964789386149486e-21,True
vienna,chronos_base_cov,timesfm_cov,2.6188934770409156,0.009772451450882215,0.38001340783946963,timesfm_cov,True,0.047233515345930704,True
vienna,timesfm,timesfm_cov,-7.812951811502697,1.0973492495711512e-12,-3.754368051139313,timesfm,True,2.121541882504226e-12,True
